date,pm25,o3,no2,so2,co,aqi
2021-10-01, 94, 7, 7, 5,0,0
2021-10-02, 80, 16, 9, 5,0,0
2021-10-03, 117,0,0,0,0,0
2021-09-01, 83, 11, 4, 4,0,0
2021-09-02, 69, 10, 5, 5,0,0
2021-09-03, 92, 11, 5, 4,0,0
2021-09-04, 73, 8, 4, 4,0,0
2021-09-05, 47, 14, 6, 4,0,0
2021-09-06, 78, 7, 6, 4,0,0
2021-09-07, 95, 8, 5, 4,0,0
2021-09-08, 67, 10, 6, 4,0,0
2021-09-09, 45, 14, 6, 4,0,0
2021-09-10, 94, 23, 6, 4,0,0
2021-09-11, 93, 42, 6, 5,0,0
2021-09-12, 145, 14, 6, 4,0,0
2021-09-13, 128, 8, 6, 4,0,0
2021-09-14, 82, 7, 7, 4,0,0
2021-09-15, 68, 7, 8, 4,0,0
2021-09-16, 64, 7, 6, 4,0,0
2021-09-17, 47, 7, 6, 5,0,0
2021-09-18, 58, 7, 4, 4,0,0
2021-09-19, 70, 13, 6, 5,0,0
2021-09-20, 97, 11, 9, 5,0,0
2021-09-21, 115, 7, 9, 6,0,0
2021-09-22, 92, 10, 9, 5,0,0
2021-09-23, 90, 7, 6, 4,0,0
2021-09-24, 79, 7, 6, 4,0,0
2021-09-25, 62, 8, 6, 4,0,0
2021-09-26, 72, 13, 8, 4,0,0
2021-09-27, 73, 15, 8, 4,0,0
2021-09-28, 112, 22, 9, 5,0,0
2021-09-29, 124, 19, 9, 5,0,0
2021-09-30, 101, 8, 9, 5,0,0
2021-08-01, 36, 11, 8, 4,0,0
2021-08-02, 71, 15, 9, 4,0,0
2021-08-03, 92, 14, 5, 4,0,0
2021-08-04, 113, 13, 6, 4,0,0
2021-08-05, 106, 10, 6, 4,0,0
2021-08-06, 105, 11, 5, 5,0,0
2021-08-07, 66, 9, 6, 4,0,0
2021-08-08, 110, 9, 7, 4,0,0
2021-08-09, 151, 8, 7, 4,0,0
2021-08-10, 56, 8, 5, 4,0,0
2021-08-11, 48, 8, 6, 4,0,0
2021-08-12, 63, 7, 6, 4,0,0
2021-08-13, 72, 9, 5, 4,0,0
2021-08-14, 61, 8, 6, 4,0,0
2021-08-15, 79, 8, 6, 4,0,0
2021-08-16, 64, 9, 5, 4,0,0
2021-08-17, 69, 8, 6, 4,0,0
2021-08-18, 55, 8, 6, 4,0,0
2021-08-19, 54, 9, 5, 4,0,0
2021-08-20, 65, 10, 4,0,0,0
2021-08-21, 65, 9, 3,0,0,0
2021-08-22, 72, 9, 6, 5,0,0
2021-08-23, 84, 8, 6, 5,0,0
2021-08-24, 89, 7, 4, 4,0,0
2021-08-25, 66, 7, 6, 4,0,0
2021-08-26, 64, 8, 6, 4,0,0
2021-08-27, 55, 10, 5, 4,0,0
2021-08-28, 57, 12, 5, 5,0,0
2021-08-29, 80, 9, 4, 4,0,0
2021-08-30, 93, 10, 6, 5,0,0
2021-08-31, 74, 14, 6, 5,0,0
2021-07-01, 58, 7, 5,0,0,0
2021-07-02, 57, 9, 4, 4,0,0
2021-07-03, 81, 9, 4, 4,0,0
2021-07-04, 76, 8, 5, 3,0,0
2021-07-05, 62, 10, 5, 4,0,0
2021-07-06, 61, 8,0, 4,0,0
2021-07-07, 83, 8,0, 3,0,0
2021-07-08, 60, 6,0,0,0,0
2021-07-09, 56, 7,0, 4,0,0
2021-07-10, 62, 7,0,0,0,0
2021-07-11, 58, 7, 8, 5,0,0
2021-07-12, 60, 7, 7, 4,0,0
2021-07-13, 61, 7, 7, 4,0,0
2021-07-14, 58, 7, 7, 4,0,0
2021-07-15, 54, 7, 9, 4,0,0
2021-07-16, 72, 6, 9, 4,0,0
2021-07-17, 70, 7, 9, 4,0,0
2021-07-18, 64, 6, 11, 4,0,0
2021-07-19, 106, 10, 9, 4,0,0
2021-07-20, 112, 9, 7, 4,0,0
2021-07-21, 66, 8, 10, 4,0,0
2021-07-22, 96, 7, 7, 4,0,0
2021-07-23, 61, 7, 5, 4,0,0
2021-07-24, 73, 11, 6, 4,0,0
2021-07-25, 82, 15, 5, 4,0,0
2021-07-26, 74, 11, 5, 4,0,0
2021-07-27, 57, 11, 6, 4,0,0
2021-07-28, 79, 11, 6, 4,0,0
2021-07-29, 109, 12, 6, 4,0,0
2021-07-30, 102, 12, 7, 4,0,0
2021-07-31, 96, 8, 4, 4,0,0
2021-06-01, 88, 13, 6, 4,0,0
2021-06-02, 104, 12, 6, 4,0,0
2021-06-03, 118, 8, 6, 5,0,0
2021-06-04, 78, 13, 7, 5,0,0
2021-06-05, 131, 10, 7, 5,0,0
2021-06-06, 186, 9, 7, 5,0,0
2021-06-07, 111, 9, 7, 4,0,0
2021-06-08, 85, 9, 7, 4,0,0
2021-06-09, 84, 9, 7, 5,0,0
2021-06-10, 73, 9, 8, 4,0,0
2021-06-11, 66, 8, 6, 5,0,0
2021-06-12, 72, 8, 6, 4,0,0
2021-06-13, 39, 9, 6, 5,0,0
2021-06-14, 62, 9, 7, 5,0,0
2021-06-15, 62, 9, 6, 4,0,0
2021-06-16, 63, 11, 6, 3,0,0
2021-06-17, 66, 12, 6, 3,0,0
2021-06-18, 62, 10, 6, 3,0,0
2021-06-19, 59, 8, 6,0,0,0
2021-06-20, 61, 10, 6,0,0,0
2021-06-21, 80, 11, 6, 3,0,0
2021-06-22, 124, 9, 6, 3,0,0
2021-06-23, 69, 9, 6, 3,0,0
2021-06-24, 85, 8, 5, 4,0,0
2021-06-25, 85, 9, 5, 3,0,0
2021-06-26, 43, 9, 5, 3,0,0
2021-06-27, 57, 8,0, 3,0,0
2021-06-28, 54, 7,0,0,0,0
2021-06-29, 63, 8, 5, 4,0,0
2021-06-30, 58, 8, 5, 3,0,0
2021-05-01, 103,0,0,0,0,0
2021-05-02, 77,0,0,0,0,0
2021-05-03, 67, 7, 6, 3,0,0
2021-05-04, 74, 9, 6, 4,0,0
2021-05-05, 62, 9, 6, 4,0,0
2021-05-06, 96, 8, 6, 4,0,0
2021-05-07, 88, 8, 6, 4,0,0
2021-05-08, 83, 9, 6, 4,0,0
2021-05-09, 73, 9, 6,0,0,0
2021-05-10, 85, 13, 6, 3,0,0
2021-05-11, 89, 9, 6, 4,0,0
2021-05-12, 84, 10, 6, 4,0,0
2021-05-13, 82, 9, 6, 4,0,0
2021-05-14, 70, 10, 6, 4,0,0
2021-05-15, 72, 12, 6, 4,0,0
2021-05-16, 83, 12, 6, 4,0,0
2021-05-17, 63, 12, 6, 4,0,0
2021-05-18, 54, 9, 6, 4,0,0
2021-05-19, 73, 11, 6, 4,0,0
2021-05-20, 81, 11, 6, 4,0,0
2021-05-21, 82, 13, 6, 4,0,0
2021-05-22, 79, 16, 6, 4,0,0
2021-05-23, 68, 13, 7, 5,0,0
2021-05-24, 54, 6, 6, 4,0,0
2021-05-25, 64, 9, 6, 4,0,0
2021-05-26, 95, 10, 6, 4,0,0
2021-05-27, 60, 9, 6, 4,0,0
2021-05-28, 74, 9, 6,0,0,0
2021-05-29, 98, 12, 6, 4,0,0
2021-05-30, 90, 11, 6, 4,0,0
2021-05-31, 99, 9, 6, 4,0,0
2021-04-01, 107, 6, 6, 3,0,0
2021-04-02, 85, 6, 6, 3,0,0
2021-04-03, 86, 6, 6, 3,0,0
2021-04-04, 117, 3, 7, 4,0,0
2021-04-05, 122, 9, 6, 4,0,0
2021-04-06, 131, 7, 6, 3,0,0
2021-04-07, 101, 7, 6, 3,0,0
2021-04-08, 91, 3, 6, 4,0,0
2021-04-09, 95, 3, 6, 4,0,0
2021-04-10, 129, 5, 6, 4,0,0
2021-04-11, 123, 6, 6, 3,0,0
2021-04-12, 75, 7, 6, 3,0,0
2021-04-13, 70, 7, 6, 4,0,0
2021-04-14, 74, 8, 6, 3,0,0
2021-04-15, 69, 8, 6, 4,0,0
2021-04-16, 70, 7, 6, 3,0,0
2021-04-17, 76, 3, 6, 4,0,0
2021-04-18, 114, 6, 6, 4,0,0
2021-04-19, 83, 8, 6, 4,0,0
2021-04-20, 70, 9, 6, 3,0,0
2021-04-21, 73, 10, 6,0,0,0
2021-04-22, 71, 9, 6,0,0,0
2021-04-23, 70, 9, 6, 4,0,0
2021-04-24, 85, 10, 6, 4,0,0
2021-04-25, 72, 9, 6, 4,0,0
2021-04-26, 78, 3, 7, 5,0,0
2021-04-27, 103, 6, 6, 4,0,0
2021-04-28, 97, 15, 7, 4,0,0
2021-04-29, 77,0,0,0,0,0
2021-04-30, 113,0,0,0,0,0
2021-03-01, 122, 2, 6, 3,0,0
2021-03-02, 100, 2, 6, 3,0,0
2021-03-03, 153, 2, 6, 3,0,0
2021-03-04, 134, 2, 6, 3,0,0
2021-03-05, 105, 6, 6, 3,0,0
2021-03-06, 114, 5, 6, 3,0,0
2021-03-07, 120, 4, 6, 3,0,0
2021-03-08, 138, 3, 6, 3,0,0
2021-03-09, 78, 4, 6, 3,0,0
2021-03-10, 75, 4, 6, 3,0,0
2021-03-11, 86, 4, 6, 3,0,0
2021-03-12, 101, 3, 7, 3,0,0
2021-03-13, 119, 6, 7, 3,0,0
2021-03-14, 120, 6, 6, 3,0,0
2021-03-15, 95, 4, 6, 3,0,0
2021-03-16, 88, 3, 6, 3,0,0
2021-03-17, 96, 4, 6, 3,0,0
2021-03-18, 96, 3, 6, 3,0,0
2021-03-19, 83, 4, 6, 3,0,0
2021-03-20, 75, 6, 6, 3,0,0
2021-03-21, 73, 7, 6, 4,0,0
2021-03-22, 113, 9, 7, 4,0,0
2021-03-23, 159, 3, 8, 5,0,0
2021-03-24, 168, 4, 7, 3,0,0
2021-03-25, 166, 3, 6, 3,0,0
2021-03-26, 112, 3, 6, 3,0,0
2021-03-27, 75, 2, 6, 3,0,0
2021-03-28, 73, 4, 6, 3,0,0
2021-03-29, 133, 5, 7, 3,0,0
2021-03-30, 130, 5, 6, 3,0,0
2021-03-31, 117, 5, 6, 3,0,0
2021-02-01, 120, 2, 11, 4,0,0
2021-02-02, 112, 6, 14, 4,0,0
2021-02-03, 123, 5, 16, 4,0,0
2021-02-04, 121, 4, 16, 4,0,0
2021-02-05, 126, 7, 16, 4,0,0
2021-02-06, 137, 5, 15, 4,0,0
2021-02-07, 141, 7, 11, 4,0,0
2021-02-08, 139, 9, 8, 3,0,0
2021-02-09, 77, 10, 10, 4,0,0
2021-02-10, 134, 14, 9, 4,0,0
2021-02-11, 105, 12, 9, 3,0,0
2021-02-12, 105, 13, 9, 3,0,0
2021-02-13, 96, 11, 11, 4,0,0
2021-02-14, 116, 7, 10, 4,0,0
2021-02-15, 119, 6, 10, 4,0,0
2021-02-16, 120, 6, 9, 4,0,0
2021-02-17, 111, 6, 6, 5,0,0
2021-02-18, 138, 9, 5, 5,0,0
2021-02-19, 161, 13, 4, 5,0,0
2021-02-20, 150, 14, 4, 4,0,0
2021-02-21, 134, 7, 4, 4,0,0
2021-02-22, 114, 6, 3, 3,0,0
2021-02-23, 119, 8,0, 3,0,0
2021-02-24, 96, 4,0, 3,0,0
2021-02-25, 87, 3,0, 3,0,0
2021-02-26, 95, 2,0, 3,0,0
2021-02-27, 109,0,0, 3,0,0
2021-02-28, 130, 2, 2, 3,0,0
2021-01-04, 187, 4, 12, 3,0,0
2021-01-05, 232, 6, 6, 2,0,0
2021-01-06, 179, 2, 6, 2,0,0
2021-01-07, 160, 4, 3, 1,0,0
2021-01-08, 72, 4, 5, 1,0,0
2021-01-09, 111, 4, 6, 1,0,0
2021-01-10, 128, 6, 6, 2,0,0
2021-01-11, 133, 8, 9, 2,0,0
2021-01-12, 138, 6, 12, 5,0,0
2021-01-13, 173, 9, 14, 6,0,0
2021-01-14, 181, 1, 13, 3,0,0
2021-01-15, 203, 1, 11, 5,0,0
2021-01-16, 222, 4, 5, 2,0,0
2021-01-17, 170, 9, 8, 1,0,0
2021-01-18, 140, 6, 11, 3,0,0
2021-01-19, 168, 3, 12, 3,0,0
2021-01-20, 193, 1, 6, 2,0,0
2021-01-21, 229, 3,0, 2,0,0
2021-01-22, 199, 2,0, 2,0,0
2021-01-23, 206, 5,0, 2,0,0
2021-01-24, 188, 2, 11, 1,0,0
2021-01-25, 151, 3, 8, 1,0,0
2021-01-26, 121, 4, 10, 1,0,0
2021-01-27, 108, 1, 7, 1,0,0
2021-01-28, 116,0, 8, 3,0,0
2021-01-29, 163,0, 16, 2,0,0
2021-01-30, 182, 1, 10, 3,0,0
2021-01-31, 164, 1, 9, 5,0,0
2020-10-01, 61,0, 7, 2,0,0
2020-10-02, 88,0, 5, 3,0,0
2020-10-03, 86,0, 3, 3,0,0
2020-10-04, 75,0, 3, 2,0,0
2020-10-05, 69,0,0, 2,0,0
2020-10-06, 81,0,0, 3,0,0
2020-10-07, 58,0, 3, 3,0,0
2020-10-08, 72,0, 3, 3,0,0
2020-10-09, 70,0, 3, 3,0,0
2020-10-10, 90,0, 4, 3,0,0
2020-10-11, 96,0, 7, 4,0,0
2020-10-12, 123,0, 7, 3,0,0
2020-10-13, 129,0, 3, 3,0,0
2020-10-14, 67,0, 3, 3,0,0
2020-10-15, 39,0, 3, 3,0,0
2020-10-16, 58,0, 4, 3,0,0
2020-10-17, 59,0, 4, 3,0,0
2020-10-18, 72,0, 5, 3,0,0
2020-10-19, 80,0, 6, 4,0,0
2020-10-20, 90,0, 6, 4,0,0
2020-10-21, 84,0, 9, 4,0,0
2020-10-22, 118,0, 12, 4,0,0
2020-10-23, 136,0, 12, 5,0,0
2020-10-24, 157,0, 8, 4,0,0
2020-10-25, 149,0, 7, 3,0,0
2020-10-26, 129,0, 10, 3,0,0
2020-10-27, 126,0, 6, 3,0,0
2020-10-28, 126,0, 5, 3,0,0
2020-10-29, 95,0, 5,0,0,0
2020-10-30, 61,0, 6, 3,0,0
2020-10-31, 82,0, 10, 4,0,0
2020-11-01, 155,0, 7, 3,0,0
2020-11-02, 118,0, 6, 4,0,0
2020-11-03, 82, 5, 9, 2,0,0
2020-11-04, 135, 5, 15, 1,0,0
2020-11-05, 169, 4, 13, 1,0,0
2020-11-06, 178, 7, 8, 1,0,0
2020-11-07, 116, 9, 8, 1,0,0
2020-11-08, 125, 11, 10, 2,0,0
2020-11-09, 130, 12, 11, 3,0,0
2020-11-10, 139, 10, 13, 3,0,0
2020-11-11, 147, 15, 13, 2,0,0
2020-11-12, 156, 13, 13, 2,0,0
2020-11-13, 149, 12, 10, 2,0,0
2020-11-14, 145, 8, 6,0,0,0
2020-11-15, 100, 1, 5,0,0,0
2020-11-16, 95, 2, 7,0,0,0
2020-11-17, 92, 2, 5,0,0,0
2020-11-18, 74, 1, 6,0,0,0
2020-11-19, 83, 1, 5,0,0,0
2020-11-20, 89, 1, 5,0,0,0
2020-11-21, 76, 1, 6,0,0,0
2020-11-22, 84, 1, 8,0,0,0
2020-11-23, 90, 1, 10,0,0,0
2020-11-24, 116, 3, 12, 1,0,0
2020-11-25, 121, 1, 13,0,0,0
2020-11-26, 107, 7, 11, 1,0,0
2020-11-27, 139, 4, 6, 1,0,0
2020-11-28, 111, 7, 6, 1,0,0
2020-11-29, 94, 8, 8, 1,0,0
2020-11-30, 114, 5, 12, 2,0,0
2020-12-01, 152, 4, 12, 2,0,0
2020-12-02, 163, 5, 8, 1,0,0
2020-12-03, 137, 5, 8, 1,0,0
2020-12-04, 95, 6, 8, 1,0,0
2020-12-05, 117, 7, 11, 2,0,0
2020-12-06, 155, 10, 11, 2,0,0
2020-12-07, 168, 6, 11, 1,0,0
2020-12-08, 154, 5, 15, 2,0,0
2020-12-09, 182, 9, 17, 2,0,0
2020-12-10, 183, 6, 14, 2,0,0
2020-12-11, 175, 5, 12, 2,0,0
2020-12-12, 149, 3, 9,0,0,0
2020-12-13, 135, 2, 7,0,0,0
2020-12-14, 110, 1, 4,0,0,0
2020-12-15, 67, 1, 3,0,0,0
2020-12-16, 80, 2, 3,0,0,0
2020-12-17, 80, 2, 3,0,0,0
2020-12-18, 90, 5, 5, 1,0,0
2020-12-19, 109, 7, 5, 1,0,0
2020-12-20, 113, 10, 8, 2,0,0
2020-12-21, 144, 9, 12, 2,0,0
2020-12-22, 163, 4, 13, 4,0,0
2020-12-23, 165, 6, 10, 1,0,0
2020-12-24, 148, 5, 14, 4,0,0
2020-12-25, 176, 1, 12, 3,0,0
2020-12-26, 173, 1, 7, 1,0,0
2020-12-27, 171, 2, 6, 1,0,0
2020-12-28, 125, 2, 7, 1,0,0
2020-12-29, 97, 5, 7, 1,0,0
2020-12-30, 101, 6, 10, 2,0,0
2020-12-31, 128, 11, 10, 3,0,0
2021-01-01, 159, 11, 11, 3,0,0
2021-01-02, 192, 7, 10, 3,0,0
2021-01-03, 189, 8, 11, 3,0,0
2020-07-01, 92, 6, 7, 1,0,0
2020-07-02, 91, 7, 6,0,0,0
2020-07-03, 79, 6, 6,0,0,0
2020-07-04, 75, 6, 4,0,0,0
2020-07-05, 77, 7, 4, 1,0,0
2020-07-06, 73, 9, 4,0,0,0
2020-07-07, 80, 7, 4, 1,0,0
2020-07-08, 82, 7, 4, 1,0,0
2020-07-09, 76, 7, 4, 1,0,0
2020-07-10, 74, 7, 5, 1,0,0
2020-07-11, 79, 8, 5, 1,0,0
2020-07-12, 94, 9, 6, 1,0,0
2020-07-13, 86, 12, 7, 1,0,0
2020-07-14, 96, 9, 5, 1,0,0
2020-07-15, 86, 8, 3, 1,0,0
2020-07-16, 79, 8, 3, 1,0,0
2020-07-17, 77, 9, 3, 1,0,0
2020-07-18, 82, 8, 3, 1,0,0
2020-07-19, 86, 8, 4, 1,0,0
2020-07-20, 81, 5, 2, 2,0,0
2020-07-21, 74, 5, 2, 1,0,0
2020-07-22, 67, 5,0, 1,0,0
2020-07-23, 74, 5,0, 1,0,0
2020-07-24, 80, 6,0, 1,0,0
2020-07-25, 78, 5,0, 1,0,0
2020-07-26, 79, 5,0, 2,0,0
2020-07-27, 134, 11,0, 1,0,0
2020-07-28, 160, 6,0, 1,0,0
2020-07-29, 117, 6, 5, 1,0,0
2020-07-30, 104, 6, 7, 2,0,0
2020-07-31, 106, 5, 4, 1,0,0
2020-08-01, 85, 5, 2, 1,0,0
2020-08-02, 51, 4, 4, 2,0,0
2020-08-03, 77, 4, 4, 1,0,0
2020-08-04, 68, 4, 4, 1,0,0
2020-08-05, 68, 4, 3, 1,0,0
2020-08-06, 60, 4, 2, 1,0,0
2020-08-07, 61, 5, 2, 1,0,0
2020-08-08, 67, 5, 3, 1,0,0
2020-08-09, 71, 6, 6, 1,0,0
2020-08-10, 73, 3, 8,0,0,0
2020-08-11, 51, 4, 5, 1,0,0
2020-08-12, 79, 4, 4, 1,0,0
2020-08-13, 57, 4, 3, 2,0,0
2020-08-14, 62, 2, 3, 2,0,0
2020-08-15, 75, 2, 4, 2,0,0
2020-08-16, 81, 2, 3, 2,0,0
2020-08-17, 65,0, 3, 2,0,0
2020-08-18, 60,0, 5, 2,0,0
2020-08-19, 77,0, 5, 2,0,0
2020-08-20, 108,0, 7, 1,0,0
2020-08-21, 68,0, 5,0,0,0
2020-08-22, 75,0, 4, 2,0,0
2020-08-23, 90,0, 5,0,0,0
2020-08-24, 80,0, 3, 2,0,0
2020-08-25, 71,0, 5, 2,0,0
2020-08-26, 95,0, 7,0,0,0
2020-08-27, 123,0, 6, 2,0,0
2020-08-28, 97,0, 6, 2,0,0
2020-08-29, 96,0, 7, 2,0,0
2020-08-30, 108,0, 6, 2,0,0
2020-08-31, 104,0, 8, 2,0,0
2020-09-01, 110,0, 6, 2,0,0
2020-09-02, 164,0, 9, 2,0,0
2020-09-03, 160,0, 7, 2,0,0
2020-09-04, 134,0, 5, 2,0,0
2020-09-05, 103,0, 5, 2,0,0
2020-09-06, 86,0, 5, 2,0,0
2020-09-07, 62,0, 8, 2,0,0
2020-09-08, 122,0, 6, 3,0,0
2020-09-09, 78,0, 4, 2,0,0
2020-09-10, 57,0, 6, 2,0,0
2020-09-11, 6,0, 4, 2,0,0
2020-09-12, 9,0, 3, 2,0,0
2020-09-13, 26,0, 4, 2,0,0
2020-09-14, 60,0, 3, 2,0,0
2020-09-15, 61,0, 4, 2,0,0
2020-09-16, 70,0, 6, 2,0,0
2020-09-17, 95,0, 2, 2,0,0
2020-09-18, 57,0, 3, 2,0,0
2020-09-19, 59,0, 3, 2,0,0
2020-09-20, 82,0, 4, 2,0,0
2020-09-21, 98,0, 3, 2,0,0
2020-09-22, 58,0, 3, 2,0,0
2020-09-23, 71,0, 4, 2,0,0
2020-09-24, 49,0, 5, 3,0,0
2020-09-25, 95,0, 4, 2,0,0
2020-09-26, 58,0, 2, 2,0,0
2020-09-27, 57,0, 6, 2,0,0
2020-09-28, 84,0, 7, 2,0,0
2020-09-29, 99,0, 5, 2,0,0
2020-09-30, 79,0, 5, 2,0,0
2020-04-01, 120, 2, 1, 2,0,0
2020-04-02, 128, 2, 2, 2,0,0
2020-04-03, 124, 2,0, 2,0,0
2020-04-04, 80, 4,0, 2,0,0
2020-04-05, 65, 4, 2, 3,0,0
2020-04-06, 87, 8, 3, 2,0,0
2020-04-07, 147, 7, 5, 2,0,0
2020-04-08, 160, 10, 4, 2,0,0
2020-04-09, 162, 9, 4, 2,0,0
2020-04-10, 141, 7, 2,0,0,0
2020-04-11, 130, 8, 2, 2,0,0
2020-04-12, 88, 8, 2, 2,0,0
2020-04-13, 104, 15, 2, 2,0,0
2020-04-14, 130, 12, 3, 3,0,0
2020-04-15, 149, 6, 2, 2,0,0
2020-04-16, 142, 5,0, 2,0,0
2020-04-17, 95, 6, 1, 2,0,0
2020-04-18, 106, 5,0, 2,0,0
2020-04-19, 118, 5, 1, 20,0,0
2020-04-20, 99, 5, 1, 10,0,0
2020-04-21, 117, 4, 2, 8,0,0
2020-04-22, 93, 7,0, 2,0,0
2020-04-23, 75, 6,0, 5,0,0
2020-04-24, 88, 8, 1, 3,0,0
2020-04-25, 103, 6, 1, 3,0,0
2020-04-26, 99, 11, 3, 4,0,0
2020-04-27, 107, 15, 4, 8,0,0
2020-04-28, 160, 16, 4, 5,0,0
2020-04-29, 155, 9, 2, 3,0,0
2020-04-30, 127, 4, 2, 2,0,0
2020-05-01, 106, 9, 1, 2,0,0
2020-05-02, 117, 6, 1, 2,0,0
2020-05-03, 101, 8, 3, 2,0,0
2020-05-04, 103, 6, 2, 2,0,0
2020-05-05, 119, 5, 1, 2,0,0
2020-05-06, 97, 4, 2, 2,0,0
2020-05-07, 112, 7, 2, 2,0,0
2020-05-08, 102, 7, 2, 2,0,0
2020-05-09, 119, 10, 1, 2,0,0
2020-05-10, 116, 5, 2, 3,0,0
2020-05-11, 93, 5, 2, 2,0,0
2020-05-12, 90, 6, 1, 2,0,0
2020-05-13, 83, 7, 1, 3,0,0
2020-05-14, 73, 5, 1, 2,0,0
2020-05-15, 90, 7,0, 3,0,0
2020-05-16, 99, 6,0, 2,0,0
2020-05-17, 76, 12,0, 3,0,0
2020-05-18, 104, 7,0, 3,0,0
2020-05-19, 125, 6,0,0,0,0
2020-05-20, 98, 9, 5, 3,0,0
2020-05-21, 112, 6, 4, 3,0,0
2020-05-22, 112, 7, 3, 3,0,0
2020-05-23, 113, 6, 3, 3,0,0
2020-05-24, 121, 10, 3, 3,0,0
2020-05-25, 101, 7, 1, 3,0,0
2020-05-26, 91, 8, 2, 3,0,0
2020-05-27, 100, 9, 3, 4,0,0
2020-05-28, 139, 7, 3, 3,0,0
2020-05-29, 106, 7, 4, 3,0,0
2020-05-30, 99, 6, 2, 3,0,0
2020-05-31, 106, 6, 5, 3,0,0
2020-06-01, 93, 5, 5, 3,0,0
2020-06-02, 103, 12, 3, 3,0,0
2020-06-03, 115, 9, 3, 3,0,0
2020-06-04, 113, 9, 4, 3,0,0
2020-06-05, 122, 6, 5, 3,0,0
2020-06-06, 139, 7, 5, 3,0,0
2020-06-07, 118, 5, 4, 4,0,0
2020-06-08, 101, 10, 7, 4,0,0
2020-06-09, 112, 7, 6, 3,0,0
2020-06-10, 94, 6, 5, 3,0,0
2020-06-11, 93, 7, 5, 3,0,0
2020-06-12, 89, 6, 5, 3,0,0
2020-06-13, 96, 4, 5, 4,0,0
2020-06-14, 96, 4, 7, 3,0,0
2020-06-15, 91, 6, 5,0,0,0
2020-06-16, 72, 5, 5, 1,0,0
2020-06-17, 77, 4, 5,0,0,0
2020-06-18, 71, 4, 5,0,0,0
2020-06-19, 75, 7, 4,0,0,0
2020-06-20, 77, 9, 4,0,0,0
2020-06-21, 88, 7, 5,0,0,0
2020-06-22, 83, 9, 7,0,0,0
2020-06-23, 77, 6, 8,0,0,0
2020-06-24, 77, 7, 8,0,0,0
2020-06-25, 122, 7, 4,0,0,0
2020-06-26, 74, 10, 5,0,0,0
2020-06-27, 76, 9, 4,0,0,0
2020-06-28, 80, 7, 6, 1,0,0
2020-06-29, 84, 10, 7,0,0,0
2020-06-30, 95, 6, 7, 1,0,0
2020-01-01, 182, 2, 11, 1,0,0
2020-01-02, 145, 2, 9, 1,0,0
2020-01-03, 93, 2, 9, 1,0,0
2020-01-04, 114, 2, 8, 1,0,0
2020-01-05, 100, 2, 7, 1,0,0
2020-01-06, 104, 2, 10, 1,0,0
2020-01-07, 135, 2, 8, 1,0,0
2020-01-08, 111, 2, 9, 2,0,0
2020-01-09, 113, 2, 6, 1,0,0
2020-01-10, 101, 2, 5, 1,0,0
2020-01-11, 102, 2, 5, 2,0,0
2020-01-12, 103, 1, 8, 4,0,0
2020-01-13, 171, 2, 12, 3,0,0
2020-01-14, 235, 2, 5, 1,0,0
2020-01-15, 111, 2, 6, 3,0,0
2020-01-16, 107, 3, 5, 2,0,0
2020-01-17, 116, 3, 5, 1,0,0
2020-01-18, 148, 4, 4, 1,0,0
2020-01-19, 97, 4, 5, 1,0,0
2020-01-20, 133, 2, 9, 1,0,0
2020-01-21, 178, 3, 6, 1,0,0
2020-01-22, 162, 4, 3, 1,0,0
2020-01-23, 116, 4, 2, 1,0,0
2020-01-24, 89, 7, 2, 1,0,0
2020-01-25, 80, 7, 3, 1,0,0
2020-01-26, 72, 5, 3, 1,0,0
2020-01-27, 80, 5, 3, 1,0,0
2020-01-28, 105, 5, 3, 1,0,0
2020-01-29, 136, 5, 7, 1,0,0
2020-01-30, 154, 3, 11, 3,0,0
2020-01-31, 150, 4, 9, 2,0,0
2020-02-01, 167, 4, 6, 1,0,0
2020-02-02, 205, 5, 4, 1,0,0
2020-02-03, 150, 7,0,0,0,0
2020-02-04, 66, 7,0, 2,0,0
2020-02-05, 76, 2, 2, 2,0,0
2020-02-06, 146,0, 2, 1,0,0
2020-02-07, 153,0,0, 1,0,0
2020-02-08, 103, 2,0, 1,0,0
2020-02-09, 77, 1,0, 3,0,0
2020-02-10, 128, 2,0, 2,0,0
2020-02-11, 151, 1, 11, 2,0,0
2020-02-12, 157, 3, 9, 1,0,0
2020-02-13, 123, 5, 7, 1,0,0
2020-02-14, 110, 6, 8, 1,0,0
2020-02-15, 121, 6, 5, 2,0,0
2020-02-16, 91, 5, 7, 2,0,0
2020-02-17, 116, 5, 12, 7,0,0
2020-02-18, 143, 2, 15, 8,0,0
2020-02-19, 161, 2, 11, 4,0,0
2020-02-20, 196, 2, 11, 2,0,0
2020-02-21, 228, 6, 13, 2,0,0
2020-02-22, 198, 4, 14, 2,0,0
2020-02-23, 193, 4, 11, 2,0,0
2020-02-24, 139, 2, 9,0,0,0
2020-02-25, 137, 1, 13, 2,0,0
2020-02-26, 136, 2, 10, 2,0,0
2020-02-27, 110, 2, 7, 1,0,0
2020-02-28, 99, 4, 7, 1,0,0
2020-02-29, 105, 4, 6, 1,0,0
2020-03-01, 103, 4, 6, 1,0,0
2020-03-02, 98, 4, 5, 1,0,0
2020-03-03, 70, 11, 7, 2,0,0
2020-03-04, 80, 2, 5, 2,0,0
2020-03-05, 93, 4, 9, 3,0,0
2020-03-06, 160, 3, 9, 2,0,0
2020-03-07, 126, 6, 8, 1,0,0
2020-03-08, 145, 13, 7, 1,0,0
2020-03-09, 172, 6, 7, 2,0,0
2020-03-10, 141, 6, 12, 3,0,0
2020-03-11, 147, 5, 9, 2,0,0
2020-03-12, 133, 5, 6,0,0,0
2020-03-13, 135, 5, 7, 2,0,0
2020-03-14, 131, 3, 8, 3,0,0
2020-03-15, 161, 2, 9, 3,0,0
2020-03-16, 182, 4, 9, 2,0,0
2020-03-17, 138, 2, 4, 2,0,0
2020-03-18, 93, 2, 3, 2,0,0
2020-03-19, 86, 2, 9, 2,0,0
2020-03-20, 149, 6, 5, 2,0,0
2020-03-21, 145, 5, 3, 2,0,0
2020-03-22, 118, 5, 4,0,0,0
2020-03-23, 124, 5, 2,0,0,0
2020-03-24, 95, 5, 3, 2,0,0
2020-03-25, 88, 5, 1, 2,0,0
2020-03-26, 91, 6, 2,0,0,0
2020-03-27, 104, 5, 1,0,0,0
2020-03-28, 103, 9,0, 2,0,0
2020-03-29, 97, 4, 4, 2,0,0
2020-03-30, 83, 1, 1, 2,0,0
2020-03-31, 96, 2, 2, 3,0,0
2019-10-01, 185, 20, 7,0,0,0
2019-10-02, 166, 8, 6,0,0,0
2019-10-03, 118, 7, 4,0,0,0
2019-10-07, 162, 7, 2,0,0,0
2019-10-08, 107, 6, 2,0,0,0
2019-10-09, 91, 7, 4,0,0,0
2019-10-10, 129, 6, 4,0,0,0
2019-10-11, 123, 7, 4,0,0,0
2019-10-12, 114, 6, 4,0,0,0
2019-10-13, 126, 7, 2,0,0,0
2019-10-14, 115, 9, 3,0,0,0
2019-10-15, 109, 16, 3,0,0,0
2019-10-16, 141, 14,0,0,0,0
2019-10-17, 154, 10, 10,0,0,0
2019-10-18, 89, 14,0,0,0,0
2019-10-19, 99, 17,0,0,0,0
2019-10-20, 153, 11,0,0,0,0
2019-10-21, 153, 9,0,0,0,0
2019-10-22, 108, 9,0,0,0,0
2019-10-23, 108, 7,0,0,0,0
2019-10-24, 73, 7,0,0,0,0
2019-10-25, 115, 9,0,0,0,0
2019-10-26, 164, 6,0,0,0,0
2019-10-28, 68, 11,0,0,0,0
2019-10-29, 75, 14,0,0,0,0
2019-10-30, 120, 8,0,0,0,0
2019-10-31, 147, 7,0,0,0,0
2019-11-01, 112, 6,0,0,0,0
2019-11-02, 111, 8,0,0,0,0
2019-11-03, 126, 13,0,0,0,0
2019-11-04, 120, 18,0,0,0,0
2019-11-05, 151, 14,0,0,0,0
2019-11-06, 188, 16,0,0,0,0
2019-11-07, 174, 16,0,0,0,0
2019-11-08, 164, 19,0,0,0,0
2019-11-09, 164, 22,0,0,0,0
2019-11-10, 173, 18,0,0,0,0
2019-11-13, 105, 6,0,0,0,0
2019-11-14, 104, 9,0,0,0,0
2019-11-15, 145, 11,0,0,0,0
2019-11-16, 139, 7,0,0,0,0
2019-11-17, 107, 6,0,0,0,0
2019-11-18, 89, 7,0,0,0,0
2019-11-19, 86, 7,0,0,0,0
2019-11-20, 139, 6,0,0,0,0
2019-11-21, 164, 6,0,0,0,0
2019-11-22, 166, 6,0,0,0,0
2019-11-23, 164, 4,0,0,0,0
2019-11-24, 132, 5,0,0,0,0
2019-11-25, 145, 5,0,0,0,0
2019-11-26, 154, 5,0,0,0,0
2019-11-27, 170, 5,0,0,0,0
2019-11-28, 121, 4,0,0,0,0
2019-11-29, 146, 3,0,0,0,0
2019-11-30, 164, 4,0,0,0,0
2019-12-01, 143, 6,0,0,0,0
2019-12-02, 85, 6, 16, 3,0,0
2019-12-03, 129, 7, 9, 3,0,0
2019-12-04, 145, 8, 7, 3,0,0
2019-12-05, 132, 8, 7, 2,0,0
2019-12-06, 117, 8, 10, 3,0,0
2019-12-07, 153, 9, 12, 4,0,0
2019-12-08, 176, 10, 14, 5,0,0
2019-12-09, 189, 10, 15, 4,0,0
2019-12-10, 211, 11, 16, 5,0,0
2019-12-11, 221, 1, 13, 4,0,0
2019-12-12, 210, 9, 15, 4,0,0
2019-12-13, 221, 3, 11, 3,0,0
2019-12-14, 207, 2, 9, 2,0,0
2019-12-15, 145, 1, 5, 1,0,0
2019-12-16, 138, 3, 8, 2,0,0
2019-12-17, 133, 2, 5, 1,0,0
2019-12-18, 117, 2, 6, 2,0,0
2019-12-19, 136, 2, 6, 2,0,0
2019-12-20, 158, 2, 5, 1,0,0
2019-12-21, 151, 2, 5, 1,0,0
2019-12-22, 130, 2, 5, 2,0,0
2019-12-23, 180, 1, 9, 2,0,0
2019-12-24, 212, 2, 7, 1,0,0
2019-12-25, 107, 2, 7, 2,0,0
2019-12-26, 116, 2, 5, 1,0,0
2019-12-27, 106, 2, 8, 3,0,0
2019-12-28, 155, 3, 10, 3,0,0
2019-12-29, 165,0,0,0,0,0
2019-08-28, 83,0,0,0,0,0
2019-08-29, 60,0,0,0,0,0
2019-08-30, 55,0,0,0,0,0
2019-08-31, 43,0,0,0,0,0
2019-09-01, 46,0,0,0,0,0
2019-09-02, 66,0,0,0,0,0
2019-09-06, 112,0,0,0,0,0
2019-09-07, 116,0,0,0,0,0
2019-09-08, 88,0,0,0,0,0
2019-09-09, 86,0,0,0,0,0
2019-09-10, 86,0,0,0,0,0
2019-09-11, 113,0,0,0,0,0
2019-09-12, 111,0,0,0,0,0
2019-09-13, 132,0,0,0,0,0
2019-09-14, 129, 13, 5,0,0,0
2019-09-15, 164, 17, 4,0,0,0
2019-09-16, 158, 14, 4,0,0,0
2019-09-17, 151, 14, 3,0,0,0
2019-09-18, 127, 12, 2,0,0,0
2019-09-19, 107, 8, 3,0,0,0
2019-09-20, 145, 15, 3,0,0,0
2019-09-21, 113, 12, 2,0,0,0
2019-09-22, 79, 18, 4,0,0,0
2019-09-24, 165, 18, 7,0,0,0
2019-09-25, 158, 25, 7,0,0,0
2019-09-26, 164, 20, 6,0,0,0
2019-09-27, 161, 23, 8,0,0,0
2019-09-28, 171, 23, 9,0,0,0
2019-09-29, 176, 21, 8,0,0,0
2019-09-30, 183, 25, 7,0,0,0
2019-04-01, 86,0,0,0,0,0
2019-04-02, 134,0,0,0,0,0
2019-04-03, 109,0,0,0,0,0
2019-04-04, 13,0,0,0,0,0
2019-04-05, 14,0,0,0,0,0
2019-04-06, 15,0,0,0,0,0
2019-04-07, 10,0,0,0,0,0
2019-04-08, 77,0,0,0,0,0
2019-04-09, 107,0,0,0,0,0
2019-04-10, 90,0,0,0,0,0
2019-04-11, 91,0,0,0,0,0
2019-04-12, 86,0,0,0,0,0
2019-04-13, 71,0,0,0,0,0
2019-04-14, 64,0,0,0,0,0
2019-04-15, 78,0,0,0,0,0
2019-04-16, 75,0,0,0,0,0
2019-04-17, 123,0,0,0,0,0
2019-04-18, 112,0,0,0,0,0
2019-04-19, 132,0,0,0,0,0
2019-04-20, 138,0,0,0,0,0
2019-04-21, 106,0,0,0,0,0
2019-04-22, 113,0,0,0,0,0
2019-04-23, 93,0,0,0,0,0
2019-04-24, 100,0,0,0,0,0
2019-04-25, 92,0,0,0,0,0
2019-04-26, 68,0,0,0,0,0
2019-04-27, 62,0,0,0,0,0
2019-04-28, 71,0,0,0,0,0
2019-04-29, 91,0,0,0,0,0
2019-04-30, 111,0,0,0,0,0
2019-01-01, 93,0,0,0,0,0
2019-01-02, 104,0,0,0,0,0
2019-01-03, 98,0,0,0,0,0
2019-01-04, 132,0,0,0,0,0
2019-01-05, 128,0,0,0,0,0
2019-01-06, 76,0,0,0,0,0
2019-01-07, 148,0,0,0,0,0
2019-01-08, 78,0,0,0,0,0
2019-01-09, 25,0,0,0,0,0
2019-01-10, 80,0,0,0,0,0
2019-01-11, 143,0,0,0,0,0
2019-01-12, 139,0,0,0,0,0
2019-01-13, 84,0,0,0,0,0
2019-01-14, 111,0,0,0,0,0
2019-01-15, 80,0,0,0,0,0
2019-01-16, 35,0,0,0,0,0
2019-01-17, 64,0,0,0,0,0
2019-01-18, 140,0,0,0,0,0
2019-01-19, 174,0,0,0,0,0
2019-01-20, 171,0,0,0,0,0
2019-01-21, 54,0,0,0,0,0
2019-01-22, 108,0,0,0,0,0
2019-01-23, 167,0,0,0,0,0
2019-01-24, 160,0,0,0,0,0
2019-01-25, 189,0,0,0,0,0
2019-01-26, 164,0,0,0,0,0
2019-01-27, 160,0,0,0,0,0
2019-01-28, 119,0,0,0,0,0
2019-01-29, 115,0,0,0,0,0
2019-01-30, 75,0,0,0,0,0
2019-01-31, 102,0,0,0,0,0
2019-02-01, 124,0,0,0,0,0
2019-02-02, 142,0,0,0,0,0
2019-02-03, 122,0,0,0,0,0
2019-02-04, 99,0,0,0,0,0
2019-02-05, 95,0,0,0,0,0
2019-02-06, 62,0,0,0,0,0
2019-02-07, 84,0,0,0,0,0
2019-02-08, 94,0,0,0,0,0
2019-02-09, 98,0,0,0,0,0
2019-02-10, 73,0,0,0,0,0
2019-02-11, 132,0,0,0,0,0
2019-02-12, 141,0,0,0,0,0
2019-02-13, 91,0,0,0,0,0
2019-02-14, 68,0,0,0,0,0
2019-02-15, 72,0,0,0,0,0
2019-02-16, 74,0,0,0,0,0
2019-02-17, 65,0,0,0,0,0
2019-02-18, 95,0,0,0,0,0
2019-02-19, 103,0,0,0,0,0
2019-02-20, 83,0,0,0,0,0
2019-02-21, 83,0,0,0,0,0
2019-02-22, 108,0,0,0,0,0
2019-02-23, 91,0,0,0,0,0
2019-02-24, 68,0,0,0,0,0
2019-02-25, 78,0,0,0,0,0
2019-02-26, 137,0,0,0,0,0
2019-02-27, 130,0,0,0,0,0
2019-02-28, 147,0,0,0,0,0
2019-03-01, 95,0,0,0,0,0
2019-03-02, 88,0,0,0,0,0
2019-03-03, 90,0,0,0,0,0
2019-03-04, 100,0,0,0,0,0
2019-03-05, 93,0,0,0,0,0
2019-03-06, 78,0,0,0,0,0
2019-03-07, 81,0,0,0,0,0
2019-03-08, 95,0,0,0,0,0
2019-03-09, 110,0,0,0,0,0
2019-03-10, 69,0,0,0,0,0
2019-03-11, 163,0,0,0,0,0
2019-03-12, 169,0,0,0,0,0
2019-03-13, 156,0,0,0,0,0
2019-03-14, 176,0,0,0,0,0
2019-03-15, 115,0,0,0,0,0
2019-03-16, 123,0,0,0,0,0
2019-03-17, 65,0,0,0,0,0
2019-03-18, 75,0,0,0,0,0
2019-03-19, 126,0,0,0,0,0
2019-03-20, 127,0,0,0,0,0
2019-03-21, 111,0,0,0,0,0
2019-03-22, 113,0,0,0,0,0
2019-03-23, 100,0,0,0,0,0
2019-03-24, 106,0,0,0,0,0
2019-03-25, 100,0,0,0,0,0
2019-03-26, 171,0,0,0,0,0
2019-03-27, 152,0,0,0,0,0
2019-03-28, 126,0,0,0,0,0
2019-03-29, 91,0,0,0,0,0
2019-03-30, 101,0,0,0,0,0
2019-03-31, 118,0,0,0,0,0
2018-10-01, 125,0,0,0,0,0
2018-10-02, 134,0,0,0,0,0
2018-10-03, 146,0,0,0,0,0
2018-10-04, 137,0,0,0,0,0
2018-10-05, 145,0,0,0,0,0
2018-10-06, 172,0,0,0,0,0
2018-10-07, 159,0,0,0,0,0
2018-10-08, 138,0,0,0,0,0
2018-10-09, 125,0,0,0,0,0
2018-10-10, 43,0,0,0,0,0
2018-10-11, 110,0,0,0,0,0
2018-10-12, 129,0,0,0,0,0
2018-10-13, 163,0,0,0,0,0
2018-10-14, 110,0,0,0,0,0
2018-10-15, 68,0,0,0,0,0
2018-10-16, 69,0,0,0,0,0
2018-10-17, 49,0,0,0,0,0
2018-10-18, 73,0,0,0,0,0
2018-10-23, 42,0,0,0,0,0
2018-10-24, 81,0,0,0,0,0
2018-10-25, 80,0,0,0,0,0
2018-10-26, 73,0,0,0,0,0
2018-10-27, 64,0,0,0,0,0
2018-10-28, 108,0,0,0,0,0
2018-10-29, 113,0,0,0,0,0
2018-10-30, 108,0,0,0,0,0
2018-10-31, 97,0,0,0,0,0
2018-11-01, 118,0,0,0,0,0
2018-11-02, 138,0,0,0,0,0
2018-11-03, 170,0,0,0,0,0
2018-11-04, 164,0,0,0,0,0
2018-11-05, 132,0,0,0,0,0
2018-11-06, 111,0,0,0,0,0
2018-11-07, 87,0,0,0,0,0
2018-11-08, 83,0,0,0,0,0
2018-11-09, 119,0,0,0,0,0
2018-11-10, 154,0,0,0,0,0
2018-11-11, 130,0,0,0,0,0
2018-11-12, 91,0,0,0,0,0
2018-11-13, 108,0,0,0,0,0
2018-11-14, 95,0,0,0,0,0
2018-11-15, 67,0,0,0,0,0
2018-11-16, 62,0,0,0,0,0
2018-11-17, 65,0,0,0,0,0
2018-11-18, 75,0,0,0,0,0
2018-11-19, 84,0,0,0,0,0
2018-11-20, 128,0,0,0,0,0
2018-11-21, 72,0,0,0,0,0
2018-11-22, 76,0,0,0,0,0
2018-11-23, 130,0,0,0,0,0
2018-11-24, 192,0,0,0,0,0
2018-11-25, 150,0,0,0,0,0
2018-11-26, 154,0,0,0,0,0
2018-11-27, 158,0,0,0,0,0
2018-11-28, 174,0,0,0,0,0
2018-11-29, 183,0,0,0,0,0
2018-11-30, 147,0,0,0,0,0
2018-12-01, 123,0,0,0,0,0
2018-12-02, 68,0,0,0,0,0
2018-12-03, 69,0,0,0,0,0
2018-12-04, 69,0,0,0,0,0
2018-12-05, 75,0,0,0,0,0
2018-12-06, 73,0,0,0,0,0
2018-12-07, 98,0,0,0,0,0
2018-12-08, 51,0,0,0,0,0
2018-12-09, 39,0,0,0,0,0
2018-12-10, 66,0,0,0,0,0
2018-12-11, 54,0,0,0,0,0
2018-12-12, 59,0,0,0,0,0
2018-12-13, 58,0,0,0,0,0
2018-12-14, 81,0,0,0,0,0
2018-12-15, 110,0,0,0,0,0
2018-12-16, 81,0,0,0,0,0
2018-12-17, 115,0,0,0,0,0
2018-12-18, 168,0,0,0,0,0
2018-12-19, 149,0,0,0,0,0
2018-12-20, 142,0,0,0,0,0
2018-12-21, 135,0,0,0,0,0
2018-12-22, 100,0,0,0,0,0
2018-12-23, 119,0,0,0,0,0
2018-12-24, 131,0,0,0,0,0
2018-12-25, 98,0,0,0,0,0
2018-12-26, 96,0,0,0,0,0
2018-12-27, 118,0,0,0,0,0
2018-12-28, 97,0,0,0,0,0
2018-12-29, 57,0,0,0,0,0
2018-12-30, 31,0,0,0,0,0
2018-07-01, 46,0,0,0,0,0
2018-07-02, 61,0,0,0,0,0
2018-07-03, 11,0,0,0,0,0
2018-07-04, 36,0,0,0,0,0
2018-07-05, 55,0,0,0,0,0
2018-07-06, 89,0,0,0,0,0
2018-07-07, 95,0,0,0,0,0
2018-07-08, 92,0,0,0,0,0
2018-07-09, 72,0,0,0,0,0
2018-07-10, 75,0,0,0,0,0
2018-07-11, 76,0,0,0,0,0
2018-07-16, 49,0,0,0,0,0
2018-07-17, 72,0,0,0,0,0
2018-07-18, 64,0,0,0,0,0
2018-07-19, 63,0,0,0,0,0
2018-07-20, 62,0,0,0,0,0
2018-07-21, 38,0,0,0,0,0
2018-07-22, 47,0,0,0,0,0
2018-07-23, 85,0,0,0,0,0
2018-07-24, 97,0,0,0,0,0
2018-07-25, 64,0,0,0,0,0
2018-07-26, 30,0,0,0,0,0
2018-07-27, 64,0,0,0,0,0
2018-07-28, 46,0,0,0,0,0
2018-07-29, 57,0,0,0,0,0
2018-07-30, 68,0,0,0,0,0
2018-07-31, 107,0,0,0,0,0
2018-08-01, 78,0,0,0,0,0
2018-08-02, 61,0,0,0,0,0
2018-08-03, 58,0,0,0,0,0
2018-08-04, 97,0,0,0,0,0
2018-08-05, 84,0,0,0,0,0
2018-08-06, 80,0,0,0,0,0
2018-08-07, 76,0,0,0,0,0
2018-08-08, 88,0,0,0,0,0
2018-08-09, 94,0,0,0,0,0
2018-08-10, 107,0,0,0,0,0
2018-08-11, 122,0,0,0,0,0
2018-08-12, 69,0,0,0,0,0
2018-08-13, 70,0,0,0,0,0
2018-08-14, 87,0,0,0,0,0
2018-08-15, 86,0,0,0,0,0
2018-08-16, 68,0,0,0,0,0
2018-08-17, 48,0,0,0,0,0
2018-08-18, 79,0,0,0,0,0
2018-08-19, 118,0,0,0,0,0
2018-08-20, 106,0,0,0,0,0
2018-08-21, 106,0,0,0,0,0
2018-08-22, 121,0,0,0,0,0
2018-08-23, 120,0,0,0,0,0
2018-08-24, 98,0,0,0,0,0
2018-08-25, 71,0,0,0,0,0
2018-08-26, 106,0,0,0,0,0
2018-08-27, 100,0,0,0,0,0
2018-08-28, 52,0,0,0,0,0
2018-08-29, 49,0,0,0,0,0
2018-08-30, 53,0,0,0,0,0
2018-08-31, 40,0,0,0,0,0
2018-09-01, 61,0,0,0,0,0
2018-09-02, 61,0,0,0,0,0
2018-09-03, 37,0,0,0,0,0
2018-09-04, 108,0,0,0,0,0
2018-09-05, 94,0,0,0,0,0
2018-09-06, 75,0,0,0,0,0
2018-09-07, 63,0,0,0,0,0
2018-09-08, 80,0,0,0,0,0
2018-09-09, 115,0,0,0,0,0
2018-09-10, 119,0,0,0,0,0
2018-09-11, 123,0,0,0,0,0
2018-09-12, 97,0,0,0,0,0
2018-09-13, 127,0,0,0,0,0
2018-09-14, 103,0,0,0,0,0
2018-09-15, 80,0,0,0,0,0
2018-09-16, 89,0,0,0,0,0
2018-09-17, 80,0,0,0,0,0
2018-09-18, 86,0,0,0,0,0
2018-09-19, 62,0,0,0,0,0
2018-09-20, 103,0,0,0,0,0
2018-09-21, 78,0,0,0,0,0
2018-09-22, 117,0,0,0,0,0
2018-09-23, 129,0,0,0,0,0
2018-09-24, 107,0,0,0,0,0
2018-09-25, 77,0,0,0,0,0
2018-09-26, 59,0,0,0,0,0
2018-09-27, 61,0,0,0,0,0
2018-09-28, 45,0,0,0,0,0
2018-09-29, 67,0,0,0,0,0
2018-09-30, 100,0,0,0,0,0
2018-04-01, 106,0,0, 32,0,0
2018-04-02, 105,0,0, 30,0,0
2018-04-03, 81,0,0, 30,0,0
2018-04-04, 88,0,0, 30,0,0
2018-04-05, 87,0,0, 29,0,0
2018-04-06, 68,0,0, 31,0,0
2018-04-07, 124,0,0,0,0,0
2018-04-08, 167,0,0,0,0,0
2018-04-09, 138,0,0,0,0,0
2018-04-10, 122,0,0,0,0,0
2018-04-11, 98,0,0,0,0,0
2018-04-12, 94,0,0,0,0,0
2018-04-13, 94,0,0,0,0,0
2018-04-14, 83,0,0,0,0,0
2018-04-15, 79,0,0,0,0,0
2018-04-16, 112,0,0,0,0,0
2018-04-17, 168,0,0,0,0,0
2018-04-18, 160,0,0, 32,0,0
2018-04-19, 137,0,0, 32,0,0
2018-04-20, 97,0,0,0,0,0
2018-04-21, 74,0,0,0,0,0
2018-04-22, 83,0,0,0,0,0
2018-04-23, 90,0,0,0,0,0
2018-04-24, 118,0,0,0,0,0
2018-04-25, 103,0,0, 38,0,0
2018-04-26, 109,0,0,0,0,0
2018-04-27, 79,0,0,0,0,0
2018-04-28, 108,0,0,0,0,0
2018-04-29, 121,0,0,0,0,0
2018-04-30, 70,0,0,0,0,0
2018-05-01, 47,0,0,0,0,0
2018-05-02, 59,0,0,0,0,0
2018-05-03, 81,0,0,0,0,0
2018-05-04, 72,0,0,0,0,0
2018-05-05, 50,0,0,0,0,0
2018-05-06, 50,0,0,0,0,0
2018-05-07, 69,0,0,0,0,0
2018-05-08, 84,0,0,0,0,0
2018-05-09, 70,0,0,0,0,0
2018-05-10, 55,0,0,0,0,0
2018-05-11, 58,0,0,0,0,0
2018-05-12, 75,0,0,0,0,0
2018-05-13, 73,0,0,0,0,0
2018-05-14, 79,0,0,0,0,0
2018-05-15, 70,0,0,0,0,0
2018-05-16, 77,0,0, 28,0,0
2018-05-17, 74,0,0, 28,0,0
2018-05-18, 60,0,0, 28,0,0
2018-05-19, 55,0,0,0,0,0
2018-05-20, 59,0,0,0,0,0
2018-05-21, 55,0,0,0,0,0
2018-05-22, 60,0,0,0,0,0
2018-05-23, 42,0,0,0,0,0
2018-05-24, 54,0,0,0,0,0
2018-05-25, 54,0,0,0,0,0
2018-05-26, 64,0,0,0,0,0
2018-05-27, 74,0,0, 29,0,0
2018-05-28, 64,0,0, 29,0,0
2018-05-29, 116,0,0, 29,0,0
2018-05-30, 70,0,0, 29,0,0
2018-05-31, 74,0,0, 29,0,0
2018-06-01, 73,0,0, 29,0,0
2018-06-04, 98,0,0, 29,0,0
2018-06-05, 35,0,0, 30,0,0
2018-06-07, 128,0,0, 31,0,0
2018-06-08, 166,0,0, 30,0,0
2018-06-09, 147,0,0, 30,0,0
2018-06-10, 109,0,0, 30,0,0
2018-06-11, 51,0,0, 30,0,0
2018-06-12, 42,0,0, 31,0,0
2018-06-13, 59,0,0, 30,0,0
2018-06-14, 105,0,0, 30,0,0
2018-06-15, 68,0,0, 30,0,0
2018-06-16, 92,0,0, 30,0,0
2018-06-18, 77,0,0, 31,0,0
2018-06-19, 73,0,0, 31,0,0
2018-06-20, 71,0,0, 31,0,0
2018-06-21, 74,0,0,0,0,0
2018-06-22, 69,0,0,0,0,0
2018-06-23, 57,0,0,0,0,0
2018-06-24, 98,0,0,0,0,0
2018-06-25, 57,0,0,0,0,0
2018-06-26, 83,0,0, 32,0,0
2018-06-27, 86,0,0,0,0,0
2018-06-28, 78,0,0,0,0,0
2018-06-29, 67,0,0,0,0,0
2018-06-30, 53,0,0,0,0,0
2018-01-01, 171,0,0, 41,0,0
2018-01-02, 207,0,0, 39,0,0
2018-01-03, 166,0,0, 38,0,0
2018-01-04, 161,0,0, 37,0,0
2018-01-05, 144,0,0, 36,0,0
2018-01-06, 118,0,0, 36,0,0
2018-01-07, 149,0,0, 36,0,0
2018-01-09, 117,0,0, 41,0,0
2018-01-10, 113,0,0, 44,0,0
2018-01-11, 129,0,0, 46,0,0
2018-01-12, 142,0,0, 49,0,0
2018-01-13, 166,0,0, 43,0,0
2018-01-14, 181,0,0, 42,0,0
2018-01-15, 193,0,0, 40,0,0
2018-01-16, 165,0,0, 41,0,0
2018-01-17, 196,0,0, 40,0,0
2018-01-18, 165,0,0, 44,0,0
2018-01-19, 162,0,0, 40,0,0
2018-01-20, 157,0,0, 38,0,0
2018-01-22, 151,0,0, 37,0,0
2018-01-23, 133,0,0, 37,0,0
2018-01-24, 121,0,0, 37,0,0
2018-01-25, 87,0,0, 37,0,0
2018-01-26, 79,0,0, 38,0,0
2018-01-27, 106,0,0, 36,0,0
2018-01-29, 84,0,0, 37,0,0
2018-01-30, 141,0,0, 37,0,0
2018-01-31, 148,0,0, 44,0,0
2018-02-01, 154,0,0, 44,0,0
2018-02-02, 152,0,0, 45,0,0
2018-02-03, 131,0,0, 49,0,0
2018-02-04, 153,0,0, 42,0,0
2018-02-05, 151,0,0, 38,0,0
2018-02-06, 153,0,0, 40,0,0
2018-02-07, 153,0,0, 36,0,0
2018-02-08, 152,0,0, 34,0,0
2018-02-09, 178,0,0, 24,0,0
2018-02-10, 188,0,0, 22,0,0
2018-02-12, 173,0,0, 28,0,0
2018-02-13, 190,0,0, 24,0,0
2018-02-14, 204,0,0, 23,0,0
2018-02-15, 186,0,0, 23,0,0
2018-02-16, 136,0,0,0,0,0
2018-02-17, 126,0,0,0,0,0
2018-02-18, 110,0,0,0,0,0
2018-02-19, 104,0,0,0,0,0
2018-02-20, 101,0,0, 23,0,0
2018-02-21, 86,0,0, 23,0,0
2018-02-22, 97,0,0, 24,0,0
2018-02-23, 84,0,0,0,0,0
2018-02-24, 172,0,0,0,0,0
2018-02-25, 143,0,0, 26,0,0
2018-02-26, 148,0,0, 25,0,0
2018-02-27, 143,0,0, 24,0,0
2018-02-28, 134,0,0, 24,0,0
2018-03-01, 110,0,0, 24,0,0
2018-03-02, 83,0,0, 24,0,0
2018-03-03, 103,0,0, 24,0,0
2018-03-04, 124,0,0, 24,0,0
2018-03-05, 103,0,0, 24,0,0
2018-03-06, 76,0,0, 24,0,0
2018-03-07, 87,0,0, 25,0,0
2018-03-08, 62,0,0, 29,0,0
2018-03-09, 93,0,0, 29,0,0
2018-03-10, 112,0,0, 30,0,0
2018-03-11, 144,0,0, 26,0,0
2018-03-12, 163,0,0, 27,0,0
2018-03-13, 165,0,0, 27,0,0
2018-03-14, 117,0,0, 26,0,0
2018-03-15, 113,0,0, 28,0,0
2018-03-16, 123,0,0, 27,0,0
2018-03-17, 137,0,0, 26,0,0
2018-03-19, 131,0,0, 31,0,0
2018-03-20, 104,0,0,0,0,0
2018-03-21, 118,0,0,0,0,0
2018-03-22, 152,0,0,0,0,0
2018-03-23, 153,0,0,0,0,0
2018-03-24, 136,0,0,0,0,0
2018-03-25, 130,0,0,0,0,0
2018-03-26, 162,0,0,0,0,0
2018-03-27, 133,0,0,0,0,0
2018-03-28, 112,0,0,0,0,0
2018-03-29, 98,0,0, 30,0,0
2018-03-30, 104,0,0, 29,0,0
2018-03-31, 116,0,0, 29,0,0
2017-10-01, 43,0,0, 17,0,0
2017-10-02, 78,0,0, 13,0,0
2017-10-03, 83,0,0, 13,0,0
2017-10-04, 73,0,0, 13,0,0
2017-10-05, 66,0,0, 13,0,0
2017-10-06, 86,0,0, 13,0,0
2017-10-07, 61,0,0,0,0,0
2017-10-08, 64,0,0,0,0,0
2017-10-09, 81,0,0,0,0,0
2017-10-10, 58,0,0, 13,0,0
2017-10-11, 57,0,0, 13,0,0
2017-10-12, 85,0,0, 13,0,0
2017-10-13, 97,0,0, 12,0,0
2017-10-14, 88,0,0, 14,0,0
2017-10-15, 75,0,0, 12,0,0
2017-10-16, 57,0,0, 12,0,0
2017-10-17, 33,0,0, 12,0,0
2017-10-18, 42,0,0, 13,0,0
2017-10-19, 86,0,0,0,0,0
2017-10-20, 115,0,0,0,0,0
2017-10-21, 116,0,0,0,0,0
2017-10-22, 118,0,0, 14,0,0
2017-10-23, 137,0,0, 13,0,0
2017-10-24, 147,0,0, 14,0,0
2017-10-25, 182,0,0, 14,0,0
2017-10-26, 195,0,0, 13,0,0
2017-10-27, 183,0,0,0,0,0
2017-10-28, 186,0,0,0,0,0
2017-10-29, 166,0,0, 15,0,0
2017-10-30, 150,0,0, 13,0,0
2017-11-13, 148,0,0, 13,0,0
2017-11-14, 111,0,0, 13,0,0
2017-11-15, 102,0,0, 16,0,0
2017-11-16, 87,0,0, 17,0,0
2017-11-17, 69,0,0, 15,0,0
2017-11-18, 62,0,0, 13,0,0
2017-11-19, 62,0,0, 13,0,0
2017-11-20, 62,0,0, 13,0,0
2017-11-21, 98,0,0, 13,0,0
2017-11-22, 96,0,0,0,0,0
2017-11-23, 86,0,0, 13,0,0
2017-11-24, 79,0,0, 13,0,0
2017-11-25, 79,0,0, 13,0,0
2017-11-26, 129,0,0, 14,0,0
2017-11-27, 171,0,0, 13,0,0
2017-11-28, 181,0,0, 13,0,0
2017-11-29, 193,0,0, 13,0,0
2017-11-30, 199,0,0, 13,0,0
2017-12-01, 122,0,0, 13,0,0
2017-12-02, 143,0,0, 14,0,0
2017-12-03, 181,0,0, 13,0,0
2017-12-04, 139,0,0, 13,0,0
2017-12-05, 106,0,0, 13,0,0
2017-12-06, 159,0,0, 37,0,0
2017-12-07, 180,0,0, 36,0,0
2017-12-08, 199,0,0, 37,0,0
2017-12-19, 130,0,0, 46,0,0
2017-12-20, 131,0,0, 46,0,0
2017-12-21, 151,0,0, 52,0,0
2017-12-22, 171,0,0, 47,0,0
2017-12-23, 187,0,0, 40,0,0
2017-12-24, 160,0,0, 46,0,0
2017-12-25, 175,0,0, 47,0,0
2017-12-26, 208,0,0, 37,0,0
2017-12-27, 171,0,0, 37,0,0
2017-12-28, 133,0,0, 40,0,0
2017-12-29, 177,0,0, 37,0,0
2017-12-30, 101,0,0, 38,0,0
2017-12-31, 130,0,0, 43,0,0
2017-07-01, 65, 23, 10, 14,0,0
2017-07-02, 72, 23, 10, 14,0,0
2017-07-03, 71, 25, 10, 13,0,0
2017-07-04, 68, 26, 8, 13,0,0
2017-07-05, 33, 26, 8, 13,0,0
2017-07-06, 33, 26, 9, 13,0,0
2017-07-07, 42, 24, 9, 13,0,0
2017-07-08, 36, 34, 8, 13,0,0
2017-07-09, 47, 23, 8, 13,0,0
2017-07-10, 68, 22, 8, 13,0,0
2017-07-11, 40, 21, 8, 13,0,0
2017-07-12, 30, 21, 8, 13,0,0
2017-07-13, 66, 21, 9, 14,0,0
2017-07-14, 34, 21, 8, 13,0,0
2017-07-15, 62, 20, 8, 13,0,0
2017-07-16, 57, 22, 7, 13,0,0
2017-07-17, 31, 20, 8, 13,0,0
2017-07-18, 60, 22, 8, 13,0,0
2017-07-19, 36, 21, 7, 13,0,0
2017-07-20, 36, 20, 8, 13,0,0
2017-07-21, 50, 24, 9, 13,0,0
2017-07-22, 88, 18, 10, 14,0,0
2017-07-23, 55, 20, 13, 14,0,0
2017-07-24, 111, 18, 7, 13,0,0
2017-07-25, 94,0,0,0,0,0
2017-07-26, 85,0,0,0,0,0
2017-07-27, 97,0,0,0,0,0
2017-07-28, 106,0,0,0,0,0
2017-07-29, 121,0,0,0,0,0
2017-07-30, 119,0,0,0,0,0
2017-07-31, 98,0,0,0,0,0
2017-08-01, 71,0,0,0,0,0
2017-08-02, 83,0,0,0,0,0
2017-08-03, 109,0,0,0,0,0
2017-08-04, 114,0,0,0,0,0
2017-08-05, 81,0,0,0,0,0
2017-08-06, 52, 13, 17, 13,0,0
2017-08-07, 51, 19, 12, 15,0,0
2017-08-08, 51, 18, 7, 14,0,0
2017-08-09, 53,0,0,0,0,0
2017-08-10, 86, 14, 9, 12,0,0
2017-08-11, 77, 19, 9, 13,0,0
2017-08-12, 66, 18, 10, 15,0,0
2017-08-13, 78, 18, 10, 15,0,0
2017-08-14, 88, 20, 7, 13,0,0
2017-08-15, 57, 19, 8, 14,0,0
2017-08-16, 37, 18, 8, 14,0,0
2017-08-17, 50, 18, 8, 13,0,0
2017-08-18, 90, 17, 13, 15,0,0
2017-08-19, 114,0,0,0,0,0
2017-08-20, 91,0,0,0,0,0
2017-08-21, 71, 16, 2, 15,0,0
2017-08-22, 94, 18, 2, 16,0,0
2017-08-23, 130, 498, 3, 15,0,0
2017-08-24, 32, 5, 1, 13,0,0
2017-08-25, 41,0,0, 14,0,0
2017-08-26, 69,0,0, 14,0,0
2017-08-27, 66,0,0, 14,0,0
2017-08-28, 85,0,0, 14,0,0
2017-08-29, 37,0,0, 14,0,0
2017-08-30, 36,0,0, 15,0,0
2017-08-31, 112,0,0, 15,0,0
2017-09-01, 80,0,0, 15,0,0
2017-09-02, 59,0,0, 14,0,0
2017-09-03, 49,0,0, 15,0,0
2017-09-04, 96,0,0, 15,0,0
2017-09-05, 86,0,0, 14,0,0
2017-09-06, 61,0,0,0,0,0
2017-09-11, 67,0,0,0,0,0
2017-09-12, 135,0,0,0,0,0
2017-09-13, 79,0,0,0,0,0
2017-09-14, 80,0,0,0,0,0
2017-09-15, 75,0,0,0,0,0
2017-09-16, 64,0,0,0,0,0
2017-09-17, 75,0,0,0,0,0
2017-09-18, 119,0,0, 13,0,0
2017-09-19, 56,0,0, 14,0,0
2017-09-20, 47,0,0, 13,0,0
2017-09-21, 91,0,0, 13,0,0
2017-09-22, 108,0,0,0,0,0
2017-09-23, 118,0,0,0,0,0
2017-09-24, 133,0,0, 13,0,0
2017-09-25, 124,0,0, 13,0,0
2017-09-26, 45,0,0, 13,0,0
2017-09-27, 95,0,0, 14,0,0
2017-09-28, 105,0,0, 14,0,0
2017-09-29, 98,0,0, 14,0,0
2017-09-30, 92,0,0, 13,0,0
2017-04-01, 98, 14, 34, 16,0,0
2017-04-02, 136, 15, 35, 16,0,0
2017-04-03, 142, 10, 19, 12,0,0
2017-04-04, 88, 13, 17, 12,0,0
2017-04-05, 86, 14, 14, 12,0,0
2017-04-06, 89, 24, 11, 12,0,0
2017-04-07, 80, 17, 11, 12,0,0
2017-04-08, 92, 20, 13, 13,0,0
2017-04-09, 99, 17, 18, 14,0,0
2017-04-10, 128, 15, 28, 13,0,0
2017-04-11, 136, 12, 18, 12,0,0
2017-04-12, 110, 12, 55, 14,0,0
2017-04-13, 117, 16, 74, 14,0,0
2017-04-14, 129, 8, 38, 11,0,0
2017-04-15, 102,0,0,0,0,0
2017-04-16, 77, 20, 68, 12,0,0
2017-04-17, 72, 17, 35, 11,0,0
2017-04-18, 81, 21, 50, 13,0,0
2017-04-19, 117, 14, 27, 12,0,0
2017-04-20, 106, 16, 21, 12,0,0
2017-04-21, 106,0,0,0,0,0
2017-04-22, 50,0,0,0,0,0
2017-04-23, 111,0,0,0,0,0
2017-04-24, 114, 18, 24, 12,0,0
2017-04-25, 92, 13, 25, 13,0,0
2017-04-26, 113, 17, 19, 13,0,0
2017-04-27, 82, 21, 29, 14,0,0
2017-05-03, 106, 15, 21, 12,0,0
2017-05-04, 105, 9, 26, 12,0,0
2017-05-05, 94, 13, 24, 12,0,0
2017-05-06, 110, 11, 20, 12,0,0
2017-05-07, 107, 10, 17, 12,0,0
2017-05-08, 85, 10, 20, 12,0,0
2017-05-09, 91, 10, 19, 12,0,0
2017-05-10, 77, 8, 13, 11,0,0
2017-05-11, 50, 17, 16, 12,0,0
2017-05-12, 55, 10, 25, 12,0,0
2017-05-13, 88, 8, 16, 12,0,0
2017-05-14, 57, 11, 16, 12,0,0
2017-05-15, 56, 11, 15, 12,0,0
2017-05-16, 78,0,0,0,0,0
2017-05-17, 105, 13, 16, 12,0,0
2017-05-18, 96, 12, 13, 11,0,0
2017-05-19, 64, 14, 17, 12,0,0
2017-05-20, 68, 17, 18, 12,0,0
2017-05-21, 88, 11, 15, 12,0,0
2017-05-22, 62, 11, 17, 12,0,0
2017-05-23, 72, 13, 18, 11,0,0
2017-05-24, 64, 13, 17, 11,0,0
2017-05-25, 65, 14, 21, 11,0,0
2017-05-26, 76, 14, 24, 11,0,0
2017-05-27, 123, 15, 27, 12,0,0
2017-05-28, 149, 19, 28, 12,0,0
2017-05-29, 154,0,0,0,0,0
2017-05-30, 103, 15, 18, 13,0,0
2017-05-31, 103, 16, 14, 14,0,0
2017-06-01, 83, 17, 14, 16,0,0
2017-06-02, 97, 18, 14, 17,0,0
2017-06-03, 81, 21, 14, 17,0,0
2017-06-04, 82, 20, 14, 17,0,0
2017-06-05, 91, 13, 13, 14,0,0
2017-06-06, 80, 14, 13, 12,0,0
2017-06-07, 59, 14, 12, 13,0,0
2017-06-08, 80, 13, 10, 13,0,0
2017-06-09, 52, 15, 11, 13,0,0
2017-06-10, 48,0,0,0,0,0
2017-06-11, 78, 15, 13, 14,0,0
2017-06-12, 88, 15, 14, 13,0,0
2017-06-13, 74, 15, 9, 13,0,0
2017-06-14, 84, 15, 11, 14,0,0
2017-06-15, 101, 15, 13, 13,0,0
2017-06-16, 133, 14, 10, 12,0,0
2017-06-17, 55, 15, 10, 13,0,0
2017-06-18, 87, 14, 10, 13,0,0
2017-06-19, 87,0,0,0,0,0
2017-06-20, 87, 14, 13, 13,0,0
2017-06-21, 63, 15, 13, 13,0,0
2017-06-22, 47, 17, 10, 14,0,0
2017-06-23, 53, 17, 8, 13,0,0
2017-06-24, 53, 17, 10, 13,0,0
2017-06-25, 47, 17, 10, 13,0,0
2017-06-26, 58, 18, 8, 15,0,0
2017-06-27, 50, 19, 8, 13,0,0
2017-06-28, 49, 19, 9, 13,0,0
2017-06-29, 62, 23, 10, 13,0,0
2017-06-30, 54, 21, 11, 14,0,0
2017-01-02, 169, 36, 11, 17, 70,0
2017-01-03, 184, 21, 9, 19, 67,0
2017-01-04, 155, 9, 6, 12, 28,0
2017-01-05, 108, 14, 8, 13, 48,0
2017-01-06, 115, 21, 9, 13, 41,0
2017-01-07, 145, 16, 8, 14, 44,0
2017-01-08, 142, 12, 4, 13, 54,0
2017-01-09, 132, 18,0, 12, 86,0
2017-01-10, 151, 9, 5, 10, 40,0
2017-01-11, 98, 2, 5, 9, 21,0
2017-01-12, 22,0,0,0,0,0
2017-01-13, 54,0,0,0,0,0
2017-01-14, 100,0,0,0,0,0
2017-01-15, 83,0,0,0,0,0
2017-01-16, 120,0,0, 10, 17,0
2017-01-17, 98, 21, 14, 11, 36,0
2017-01-18, 144, 23, 5, 14, 71,0
2017-01-19, 199, 9, 6, 14, 40,0
2017-01-20, 108, 11, 7, 13, 28,0
2017-01-21, 139, 8, 7, 15, 23,0
2017-01-22, 151,0,0,0,0,0
2017-01-23, 187, 19, 21, 17, 71,0
2017-01-24, 192, 24, 15, 15, 52,0
2017-01-25, 186, 19, 16, 14, 48,0
2017-01-26, 167, 15, 11, 13, 33,0
2017-01-27, 155, 14, 6, 10, 17,0
2017-01-28, 116, 5, 7, 11, 21,0
2017-01-29, 89, 7, 8, 13, 20,0
2017-01-30, 108, 10, 10, 12, 34,0
2017-01-31, 151, 6, 7, 14, 35,0
2017-02-01, 125, 4, 8, 14, 40,0
2017-02-02, 129, 5, 7, 15, 41,0
2017-02-03, 121, 10, 8, 11, 24,0
2017-02-04, 91, 6, 7, 12, 30,0
2017-02-05, 113, 5, 8, 13, 37,0
2017-02-06, 93, 4, 7, 12, 28,0
2017-02-07, 80, 5, 7, 14, 38,0
2017-02-08, 99, 2, 9, 13, 29,0
2017-02-09, 73, 5, 12, 15, 18,0
2017-02-10, 140, 10, 13, 15,0,0
2017-02-11, 165, 12, 15, 16,0,0
2017-02-12, 163, 16, 22, 23,0,0
2017-02-13, 175, 11, 14, 15,0,0
2017-02-14, 192, 12, 17, 20,0,0
2017-02-15, 207, 3, 12, 13,0,0
2017-02-16, 107,0,0,0,0,0
2017-02-17, 85,0,0,0,0,0
2017-02-18, 102,0,0,0,0,0
2017-02-19, 112, 3, 7, 12,0,0
2017-02-20, 71, 7, 5, 12,0,0
2017-02-21, 81, 12, 4, 12,0,0
2017-02-22, 85, 2, 5, 13,0,0
2017-02-23, 89,0, 9, 13,0,0
2017-02-24, 109, 1, 10, 12,0,0
2017-02-25, 111, 3, 10, 14,0,0
2017-02-26, 142, 4, 15, 15,0,0
2017-02-27, 151, 8, 13, 25,0,0
2017-02-28, 166, 17, 11, 14,0,0
2017-03-01, 179, 21, 12, 16,0,0
2017-03-02, 164, 5, 16, 17,0,0
2017-03-03, 161, 5, 11, 13,0,0
2017-03-04, 150, 7, 8, 13,0,0
2017-03-05, 130, 1, 6, 17,0,0
2017-03-06, 115, 3, 6, 13,0,0
2017-03-07, 140,0,0,0,0,0
2017-03-08, 68,0,0,0,0,0
2017-03-09, 139,0, 12, 12,0,0
2017-03-10, 129,0, 5, 12,0,0
2017-03-11, 170,0, 4, 11,0,0
2017-03-12, 104,0, 4, 11,0,0
2017-03-13, 108,0,0,0,0,0
2017-03-14, 112, 16, 1, 12,0,0
2017-03-15, 104, 22, 2, 17,0,0
2017-03-16, 108, 18, 3, 13,0,0
2017-03-17, 100, 18, 4, 11,0,0
2017-03-18, 109, 17, 4, 11,0,0
2017-03-19, 79, 16, 4, 11,0,0
2017-03-20, 75, 13, 5, 11,0,0
2017-03-21, 55, 12, 4, 11,0,0
2017-03-22, 68, 11, 4, 11,0,0
2017-03-23, 60, 13, 3, 11,0,0
2017-03-24, 61, 12, 7, 13,0,0
2017-03-25, 66, 9, 8, 13,0,0
2017-03-26, 70, 9, 10, 15,0,0
2017-03-27, 106, 20, 14, 17,0,0
2017-03-28, 161, 20, 9, 13,0,0
2017-03-29, 147, 12, 24, 15,0,0
2017-03-30, 120, 10, 19, 13,0,0
2017-03-31, 85, 13, 23, 14,0,0
2016-10-01, 107,0,0,0,0,0
2016-10-02, 119,0,0,0,0,0
2016-10-03, 149,0,0,0,0,0
2016-10-04, 167, 10,0, 11, 54,0
2016-10-05, 182, 4, 11, 13, 44,0
2016-10-06, 153, 6, 11, 13, 34,0
2016-10-07, 174,0,0,0,0,0
2016-10-08, 188,0,0,0,0,0
2016-10-09, 170,0,0,0,0,0
2016-10-10, 151, 4, 16, 14, 44,0
2016-10-11, 163, 7, 12, 13, 29,0
2016-10-12, 163, 1, 7, 12, 44,0
2016-10-13, 158, 1, 3, 13, 22,0
2016-10-14, 150,0,0,0,0,0
2016-10-15, 136,0,0,0,0,0
2016-10-16, 131,0,0,0,0,0
2016-10-17, 150, 2, 25, 13, 18,0
2016-10-18, 123, 1, 41, 13, 32,0
2016-10-19, 89, 3, 71, 15, 58,0
2016-10-20, 99,0,0,0,0,0
2016-10-21, 124,0,0,0,0,0
2016-10-22, 160, 5, 49, 14, 53,0
2016-10-23, 147,0,0,0,0,0
2016-10-24, 144, 3, 32, 13, 13,0
2016-10-25, 91, 11, 31, 13, 41,0
2016-10-26, 103, 4, 30, 13, 37,0
2016-10-27, 76, 9, 44, 14, 47,0
2016-10-28, 79, 3, 45, 14, 36,0
2016-10-29, 96, 1, 34, 13, 20,0
2016-10-30, 84, 1, 33, 13, 27,0
2016-10-31, 78, 1, 30, 14, 23,0
2016-11-01, 70, 1, 32, 16, 27,0
2016-11-02, 85, 1, 52, 14, 47,0
2016-11-03, 95, 1, 45, 15, 35,0
2016-11-04, 149, 2, 63, 14, 49,0
2016-11-05, 152, 2, 56, 15, 53,0
2016-11-06, 161, 2, 48, 15, 64,0
2016-11-07, 178, 21, 17, 9, 32,0
2016-11-08, 121, 17, 5, 8, 19,0
2016-11-09, 46, 17, 6, 8, 22,0
2016-11-10, 64, 27, 13, 10, 35,0
2016-11-11, 113, 49, 13, 12, 57,0
2016-11-12, 178, 41, 9, 9, 41,0
2016-11-13, 175, 19, 5, 8, 39,0
2016-11-14, 117, 24, 6, 9, 47,0
2016-11-15, 98, 24, 6, 10, 53,0
2016-11-16, 96, 28, 9, 15, 54,0
2016-11-17, 101, 31, 7, 12, 57,0
2016-11-18, 123, 51, 13, 12, 49,0
2016-11-19, 147, 40, 9, 12, 36,0
2016-11-20, 137, 40, 13, 12, 59,0
2016-11-21, 123, 32, 7, 12, 57,0
2016-11-22, 105, 32, 8, 12, 46,0
2016-11-25, 112, 19, 5, 11, 19,0
2016-11-26, 63, 34, 14, 14, 27,0
2016-11-27, 108, 40, 19, 21, 37,0
2016-11-28, 157, 22, 16, 17, 43,0
2016-11-29, 154, 28, 13, 15, 24,0
2016-11-30, 134, 35, 13, 13, 31,0
2016-12-01, 117,0,0,0,0,0
2016-12-02, 156,0,0,0,0,0
2016-12-03, 187, 44, 17, 14, 102,0
2016-12-04, 197, 66, 12, 22, 56,0
2016-12-05, 204, 25, 10, 18, 35,0
2016-12-06, 150, 46, 15, 23, 54,0
2016-12-07, 161, 41, 15, 18, 76,0
2016-12-08, 173, 74, 25, 25, 58,0
2016-12-09, 195, 39, 24, 27, 58,0
2016-12-10, 193, 54, 20, 18, 45,0
2016-12-11, 201, 28, 9, 12, 44,0
2016-12-12, 149, 28, 8, 14, 50,0
2016-12-13, 130, 17, 7, 14, 31,0
2016-12-14, 128, 18, 6, 10, 25,0
2016-12-15, 86, 20, 10, 14, 38,0
2016-12-16, 144, 24, 16, 21, 52,0
2016-12-17, 163, 33, 15, 27, 56,0
2016-12-18, 187, 48, 5, 19, 76,0
2016-12-19, 226, 18, 1, 10, 44,0
2016-12-20, 109, 18, 3, 13, 52,0
2016-12-21, 109, 16, 4, 13, 30,0
2016-12-22, 91, 23, 11, 18, 50,0
2016-12-23, 155, 18, 6, 14, 53,0
2016-12-24, 145, 15, 3, 11, 37,0
2016-12-25, 106, 12, 4, 12, 48,0
2016-12-26, 94, 11, 7, 12, 25,0
2016-12-27, 83, 23, 11, 16, 49,0
2016-12-28, 142, 26, 13, 23, 52,0
2016-12-29, 157, 26, 15, 22, 60,0
2016-12-30, 168, 36, 17, 22, 58,0
2016-12-31, 202,0,0,0,0,0
2016-07-05, 64,0,0,0,0,0
2016-07-06, 29,0,0,0,0,0
2016-07-07, 80, 8, 5, 13, 38,0
2016-07-08, 130, 8, 2, 13, 24,0
2016-07-09, 80,0,0,0,0,0
2016-07-10, 89,0,0,0,0,0
2016-07-11, 86,0,0,0,0,0
2016-07-12, 79,0,0,0,0,0
2016-07-13, 121, 8, 5,0,0,0
2016-07-14, 81, 9, 9, 13, 29,0
2016-07-15, 106, 9, 11, 13, 20,0
2016-07-16, 71, 8, 6, 13, 14,0
2016-07-17, 63,0,0,0,0,0
2016-07-18, 74,0,0,0,0,0
2016-07-19, 70,0,0,0,0,0
2016-07-20, 62,0,0,0,0,0
2016-07-21, 68,0,0,0,0,0
2016-07-22, 82,0,0,0,0,0
2016-07-23, 67,0,0,0,0,0
2016-07-24, 89,0,0,0,0,0
2016-07-25, 69,0,0,0,0,0
2016-07-26, 89, 8, 25, 15, 13,0
2016-07-27, 85, 8, 15, 13, 10,0
2016-07-28, 29,0,0,0,0,0
2016-07-29, 42,0,0,0,0,0
2016-07-30, 77,0,0,0,0,0
2016-07-31, 102,0,0,0,0,0
2016-08-01, 125,0,0,0,0,0
2016-08-02, 108,0,0,0,0,0
2016-08-03, 75,0,0,0,0,0
2016-08-04, 47,0,0,0,0,0
2016-08-05, 62,0,0,0,0,0
2016-08-06, 97,0,0,0,0,0
2016-08-07, 84,0,0,0,0,0
2016-08-08, 63, 9, 15, 13, 14,0
2016-08-09, 68, 9, 13, 14, 16,0
2016-08-10, 100, 9, 8, 14, 15,0
2016-08-11, 105, 9, 10, 13, 18,0
2016-08-12, 92, 9, 9, 12, 14,0
2016-08-13, 104, 9, 7, 12, 13,0
2016-08-14, 60, 9, 9, 12, 18,0
2016-08-15, 66, 10, 8, 12, 11,0
2016-08-16, 79,0,0,0,0,0
2016-08-17, 87, 9, 8, 12, 21,0
2016-08-18, 68, 10, 8, 12, 16,0
2016-08-19, 28,0,0,0,0,0
2016-08-20, 45, 9, 8, 13, 19,0
2016-08-21, 61,0,0,0,0,0
2016-08-22, 91, 9, 8, 13, 25,0
2016-08-23, 97, 9, 9, 13, 21,0
2016-08-24, 112, 9, 9, 13, 17,0
2016-08-25, 126, 9, 9, 13, 17,0
2016-08-26, 145, 9, 10, 13, 16,0
2016-08-27, 90, 9, 8, 13, 11,0
2016-08-28, 63, 9, 7, 13, 14,0
2016-08-29, 119, 9, 12, 13, 22,0
2016-08-30, 161, 10, 18, 13, 26,0
2016-08-31, 125, 10, 15, 13, 24,0
2016-09-01, 69, 9, 11, 13, 19,0
2016-09-02, 52, 10, 7, 13, 10,0
2016-09-03, 79, 10, 10, 13, 15,0
2016-09-04, 136, 13, 11, 13, 17,0
2016-09-05, 161, 13, 12, 13, 19,0
2016-09-06, 121, 18, 9, 13, 21,0
2016-09-07, 102, 10, 10, 13, 21,0
2016-09-08, 133, 13, 11, 14, 26,0
2016-09-09, 106, 11, 14, 14, 26,0
2016-09-10, 69, 9, 2, 13, 9,0
2016-09-11, 81,0,0,0,0,0
2016-09-12, 99,0,0,0,0,0
2016-09-13, 105,0,0,0,0,0
2016-09-14, 128, 7, 17, 13, 31,0
2016-09-15, 134, 7, 8, 12, 17,0
2016-09-16, 158,0,0,0,0,0
2016-09-17, 162,0,0,0,0,0
2016-09-18, 157,0,0,0,0,0
2016-09-19, 150,0,0,0,0,0
2016-09-20, 147,0,0,0,0,0
2016-09-21, 153,0,0,0,0,0
2016-09-22, 163,0,0,0,0,0
2016-09-23, 165,0,0,0,0,0
2016-09-24, 115,0,0,0,0,0
2016-09-25, 106,0,0,0,0,0
2016-09-26, 73,0,0,0,0,0
2016-09-27, 110,0,0,0,0,0
2016-09-28, 148,0,0,0,0,0
2016-09-29, 132,0,0,0,0,0
2016-09-30, 97,0,0,0,0,0
2016-04-01, 162, 38, 8,0, 16,0
2016-04-02, 119, 26, 7,0, 12,0
2016-04-03, 135, 20, 6,0, 17,0
2016-04-04, 123, 42, 5,0, 14,0
2016-04-05, 109, 50, 7,0, 13,0
2016-04-06, 106, 47, 4,0, 19,0
2016-04-07, 121, 45, 8,0, 22,0
2016-04-08, 120, 17, 6,0, 9,0
2016-04-09, 115,0,0,0,0,0
2016-04-10, 143,0,0,0,0,0
2016-04-11, 144,0,0,0,0,0
2016-04-12, 133, 32, 22,0, 26,0
2016-04-13, 142, 95, 16,0, 23,0
2016-04-14, 148, 117, 11,0, 21,0
2016-04-15, 157,0,0,0,0,0
2016-04-16, 146,0,0,0,0,0
2016-04-17, 149,0,0,0,0,0
2016-04-18, 84,0, 11,0, 18,0
2016-04-19, 124,0, 11,0, 11,0
2016-04-20, 84, 28, 9,0, 24,0
2016-04-21, 93, 35, 15,0, 25,0
2016-04-22, 74,0,0,0,0,0
2016-04-23, 122,0,0,0,0,0
2016-04-24, 72, 70, 13,0, 26,0
2016-04-25, 68, 85, 9,0, 27,0
2016-04-26, 108, 140, 8,0, 31,0
2016-04-27, 114, 110, 13,0, 31,0
2016-04-28, 128, 94, 10,0, 43,0
2016-04-29, 135, 94, 9,0, 30,0
2016-04-30, 110, 71, 8,0, 21,0
2016-05-01, 62, 169, 3,0, 8,0
2016-05-02, 98,0,0,0,0,0
2016-05-03, 97,0,0,0,0,0
2016-05-04, 80,0,0,0,0,0
2016-05-05, 92,0,0,0,0,0
2016-05-06, 92,0,0,0,0,0
2016-05-07, 75,0,0,0,0,0
2016-05-08, 71, 131, 7,0, 28,0
2016-05-09, 97, 167, 10,0, 25,0
2016-05-10, 97, 111, 12,0, 30,0
2016-05-11, 134, 131, 14, 11, 33,0
2016-05-12, 105, 159, 12, 11, 23,0
2016-05-13, 83, 154, 6, 11, 20,0
2016-05-14, 41, 135, 5, 11, 18,0
2016-05-15, 75, 52, 9, 11, 14,0
2016-05-16, 73, 45, 12, 11, 25,0
2016-05-17, 117, 161, 9, 11, 26,0
2016-05-18, 107, 174, 6, 11, 25,0
2016-05-19, 84, 161, 7, 11, 20,0
2016-05-20, 88, 149, 6, 11, 17,0
2016-05-21, 103, 110, 8, 11, 30,0
2016-05-22, 103, 138, 8, 11, 36,0
2016-05-23, 111, 124, 3, 11, 27,0
2016-05-24, 105, 154, 5, 11, 31,0
2016-05-25, 90, 142, 2, 11, 22,0
2016-05-26, 63, 172, 3, 11, 33,0
2016-05-27, 54, 150, 5, 11, 25,0
2016-05-28, 76, 136, 4, 11, 25,0
2016-05-29, 89, 121, 4, 11, 35,0
2016-05-30, 76, 78, 5, 11, 22,0
2016-05-31, 72, 58, 4, 11, 18,0
2016-06-01, 60, 44, 5, 11, 20,0
2016-06-02, 71, 35, 5, 11, 20,0
2016-06-03, 76, 32, 5, 11, 24,0
2016-06-04, 77,0,0,0,0,0
2016-06-05, 105,0,0,0,0,0
2016-06-06, 104, 21, 14, 11, 29,0
2016-06-07, 73,0,0,0,0,0
2016-06-08, 100,0,0,0,0,0
2016-06-09, 98,0,0,0,0,0
2016-06-10, 110,0,0,0,0,0
2016-06-11, 87,0,0,0,0,0
2016-06-12, 70,0,0,0,0,0
2016-06-13, 94,0,0,0,0,0
2016-06-14, 100,0,0,0,0,0
2016-06-15, 101,0,0,0,0,0
2016-06-16, 80,0,0,0,0,0
2016-06-17, 109,0,0,0,0,0
2016-06-18, 104,0,0,0,0,0
2016-06-19, 122,0,0,0,0,0
2016-06-20, 109,0,0,0,0,0
2016-06-21, 89, 20, 4, 13, 24,0
2016-06-22, 88, 33, 5, 13, 28,0
2016-06-23, 83, 22, 7, 13, 26,0
2016-06-24, 78, 23, 9, 13, 26,0
2016-06-25, 84, 21, 9, 12, 18,0
2016-06-26, 95, 24, 7, 12, 26,0
2016-06-27, 68, 22, 7, 13, 25,0
2016-06-28, 91, 8, 3, 13, 27,0
2016-06-29, 78, 8, 2, 13, 36,0
2016-01-04, 161, 23, 19, 6, 22,0
2016-01-05, 170,0,0,0,0,0
2016-01-06, 154,0,0,0,0,0
2016-01-07, 157,0,0,0,0,0
2016-01-08, 150,0,0,0,0,0
2016-01-09, 140,0,0,0,0,0
2016-01-10, 130, 7, 14, 6, 13,0
2016-01-11, 114, 25, 16, 6, 24,0
2016-01-12, 145, 13, 14, 6, 19,0
2016-01-13, 161, 11, 10, 6, 18,0
2016-01-14, 137, 11, 7, 6, 9,0
2016-01-15, 90,0,0,0,0,0
2016-01-16, 144,0,0,0,0,0
2016-01-17, 126,0,0,0,0,0
2016-01-18, 144, 5, 3, 6, 13,0
2016-01-19, 156, 11,0, 6, 10,0
2016-01-20, 197, 10,0, 6, 13,0
2016-01-21, 191, 10,0, 6, 11,0
2016-01-22, 104, 20,0, 6, 5,0
2016-01-23, 90, 28,0, 6, 2,0
2016-01-24, 127, 15, 5, 6, 5,0
2016-01-25, 147, 14,0, 6, 4,0
2016-01-26, 137, 17, 1, 6, 8,0
2016-01-27, 151, 14,0, 6, 12,0
2016-01-28, 181,0,0,0,0,0
2016-01-29, 180,0,0,0,0,0
2016-01-30, 135,0,0,0,0,0
2016-01-31, 119,0,0,0,0,0
2016-02-01, 75,0,0,0,0,0
2016-02-02, 118,0,0,0,0,0
2016-02-03, 167,0,0,0,0,0
2016-02-04, 163,0,0,0,0,0
2016-02-05, 165,0,0,0,0,0
2016-02-06, 165,0,0,0,0,0
2016-02-07, 180,0,0,0,0,0
2016-02-08, 200,0,0,0,0,0
2016-02-09, 143,0,0,0,0,0
2016-02-10, 137,0,0,0,0,0
2016-02-11, 131,0,0,0,0,0
2016-02-12, 149,0,0,0,0,0
2016-02-13, 159,0,0,0,0,0
2016-02-14, 172,0,0,0,0,0
2016-02-15, 105,0,0,0,0,0
2016-02-16, 130,0,0,0,0,0
2016-02-17, 167,0,0,0,0,0
2016-02-18, 175, 18, 26, 6, 14,0
2016-02-19, 183, 12, 31, 6, 16,0
2016-02-20, 172,0,0,0,0,0
2016-02-21, 171, 16, 25, 6, 17,0
2016-02-22, 165, 15, 16, 6, 10,0
2016-02-23, 123, 19, 16, 6, 9,0
2016-02-24, 117, 14, 12, 7, 6,0
2016-02-25, 135, 12, 17, 6, 20,0
2016-02-26, 135, 19, 16, 7, 14,0
2016-02-27, 150, 30, 22, 7, 16,0
2016-02-28, 173, 29, 27, 7, 17,0
2016-02-29, 191, 40, 31, 7, 25,0
2016-03-01, 178,0,0,0,0,0
2016-03-02, 154,0,0,0,0,0
2016-03-03, 145, 2, 21, 7, 19,0
2016-03-06, 152, 20, 9, 7, 13,0
2016-03-07, 119, 74, 6, 7, 21,0
2016-03-08, 94, 54, 11, 7, 20,0
2016-03-09, 104, 14, 14, 7, 11,0
2016-03-10, 88, 19, 19, 7, 13,0
2016-03-11, 48, 14, 17, 7, 16,0
2016-03-12, 16, 19, 14, 7, 11,0
2016-03-13, 19, 16, 23, 7, 16,0
2016-03-14, 73, 19, 23, 7, 19,0
2016-03-15, 143, 18, 20, 7, 22,0
2016-03-16, 96, 17, 18, 7, 21,0
2016-03-18, 160, 60, 10, 7, 20,0
2016-03-19, 133, 4, 6, 7, 5,0
2016-03-20, 126, 52, 6, 7, 16,0
2016-03-21, 97, 67, 6, 7, 24,0
2016-03-22, 124, 23, 7, 7, 15,0
2016-03-23, 142,0,0,0,0,0
2016-03-24, 76,0,0,0,0,0
2016-03-25, 118,0,0,0,0,0
2016-03-26, 142,0,0,0,0,0
2016-03-27, 166,0,0,0,0,0
2016-03-28, 194,0,0,0,0,0
2016-03-29, 184,0,0,0,0,0
2016-03-30, 157, 3, 18,0, 26,0
2016-03-31, 153, 15, 12,0, 24,0
2015-12-27, 129, 9, 10, 5, 12,0
2015-12-28, 163, 7, 13, 5, 20,0
2015-12-29, 127, 10, 10, 5, 11,0
2015-12-30, 83, 13, 10, 5, 12,0
2019-12-31,0, 1, 12, 2,0,0
2019-10-04,0, 5, 5,0,0,0
2019-10-05,0, 8, 4,0,0,0
2019-10-06,0, 10, 3,0,0,0
2019-10-27,0, 5,0,0,0,0
2019-11-11,0, 18,0,0,0,0
2019-11-12,0, 6,0,0,0,0
2019-07-01,0, 10, 8,0,0,0
2019-07-02,0, 10, 6,0,0,0
2019-07-03,0, 6, 6,0,0,0
2019-07-04,0, 5, 10,0,0,0
2019-07-05,0, 7, 9,0,0,0
2019-07-06,0, 10, 10,0,0,0
2019-07-07,0, 10, 10,0,0,0
2019-07-08,0, 8, 11,0,0,0
2019-07-09,0, 16, 9,0,0,0
2019-07-10,0, 8, 9,0,0,0
2019-07-11,0, 4, 11,0,0,0
2019-07-12,0, 5, 10,0,0,0
2019-07-13,0, 5, 10,0,0,0
2019-07-14,0, 4, 7,0,0,0
2019-07-15,0, 5, 10,0,0,0
2019-07-16,0, 175, 12,0,0,0
2019-07-17,0, 70, 10,0,0,0
2019-07-18,0, 6, 10,0,0,0
2019-07-19,0, 7, 12,0,0,0
2019-07-20,0, 5, 10,0,0,0
2019-07-21,0, 4, 11,0,0,0
2019-07-22,0, 21, 12,0,0,0
2019-07-23,0, 7, 12,0,0,0
2019-07-24,0, 11, 10,0,0,0
2019-07-25,0, 7, 9,0,0,0
2019-07-28,0, 6, 10,0,0,0
2019-07-29,0, 6, 11,0,0,0
2019-07-30,0, 12, 10,0,0,0
2019-07-31,0, 13, 7,0,0,0
2019-08-01,0, 5, 8,0,0,0
2019-08-02,0, 6, 6,0,0,0
2019-08-03,0, 6, 3,0,0,0
2019-08-04,0, 7, 7,0,0,0
2019-08-10,0, 5, 7,0,0,0
2019-08-20,0, 9, 4,0,0,0
2019-09-23,0, 22, 6,0,0,0
2019-05-03,0, 5, 8,0,0,0
2019-05-04,0, 6, 8,0,0,0
2019-05-05,0, 28, 10,0,0,0
2019-05-06,0, 9, 9, 13,0,0
2019-05-07,0, 22, 6, 13,0,0
2019-05-08,0, 10, 6,0,0,0
2019-05-09,0, 2, 7,0,0,0
2019-05-10,0, 10, 9,0,0,0
2019-06-26,0, 7, 15,0,0,0
2019-06-27,0, 10, 12,0,0,0
2019-06-28,0, 20, 12,0,0,0
2019-06-29,0, 13, 7,0,0,0
2019-06-30,0, 9, 9,0,0,0
